record_code,format_version,submission_date,reporting_agency,release_agency,coordinator,tag_code_or_release_id,tag_type,first_sequential_number,last_sequential_number,related_group_type,related_group_id,species,run,brood_year,first_release_date,last_release_date,release_location_code,hatchery_location_code,stock_location_code,release_stage,rearing_type,study_type,release_strategy,avg_weight,avg_length,study_integrity,cwt_1st_mark,cwt_1st_mark_count,cwt_2nd_mark,cwt_2nd_mark_count,non_cwt_1st_mark,non_cwt_1st_mark_count,non_cwt_2nd_mark,non_cwt_2nd_mark_count,counting_method,tag_loss_rate,tag_loss_days,tag_loss_sample_size,tag_reused,comments
T,4.1,20151207,USFWS,USFWS,7,501030207,15,,,,,1,4,2000,20010201,20010201,6FCSASAF LKRP,6FCSASAF LVNH,6FCSASAF,P,H,P,FR,5.28,78,N,5000,6013,,,,,,,C,0,15,200,,"FAMILY GROUP 24V,25W,26O,26W"
T,4.1,20151207,USFWS,USFWS,7,501030308,15,,,,,1,4,2000,20010201,20010201,6FCSASAF LKRP,6FCSASAF LVNH,6FCSASAF,P,H,P,FR,4.13,72,N,5000,5267,,,5000,108,,,C,0.02,20,200,,"FAMILY GROUP 41EE,44EE,44HH"
T,4.1,20151207,USFWS,USFWS,7,501030309,15,,,,,1,4,2000,20010201,20010201,6FCSASAF LKRP,6FCSASAF LVNH,6FCSASAF,P,H,P,FR,6.27,83,N,5000,4798,,,5000,48,,,C,0.01,25,200,,"FAMILY GROUP 12I,12J"
T,4.1,20170104,USFWS,USFWS,7,52289,12,,,,,1,4,2015,20160217,20160217,6FCSASAF LKRP,6FCSASAF LVNH,6FCSASAF LVNH,P,H,P,FR,7.3,97,N,5000,27254,,,5000,275,,,C,0.01,34,200,,Family Group: 12 groups
T,4.1,20050908,USFWS,USFWS,7,501030707,15,,,,,1,4,2001,20020130,20020130,6FCSASAF LKRP,6FCSASAF LVNH,6FCSASAF,P,H,P,FR,6.84,85,N,5000,15079,,,,,,,C,0,42,200,,
T,4.1,20050908,USFWS,USFWS,7,501030709,15,,,,,1,4,2001,20020130,20020130,6FCSASAF LKRP,6FCSASAF LVNH,6FCSASAF,P,H,P,FR,5.11,77,N,5000,6086,,,5000,676,,,C,0.1,35,200,,
T,4.1,20050908,USFWS,USFWS,7,501030706,15,,,,,1,4,2001,20020130,20020130,6FCSASAF LKRP,6FCSASAF LVNH,6FCSASAF,P,H,P,FR,5.36,71,N,5000,37465,0,387,5000,697,0,155,C,0.022,29,1000,,
T,4.1,20100205,USFWS,USFWS,7,501030705,15,,,,,1,4,2001,20020130,20020130,6FCSASAF LKRP,6FCSASAF LVNH,6FCSASAF,P,H,P,FR,4.65,75,N,5000,61178,,,5000,464,,,C,,,400,,
T,4.1,20050908,USFWS,USFWS,7,501040101,15,,,,,1,4,2001,20020130,20020130,6FCSASAF LKRP,6FCSASAF LVNH,6FCSASAF,P,H,P,FR,3.95,71,N,5000,4610,,,5000,23,,,C,0.005,42,200,,
T,4.1,20050908,USFWS,USFWS,7,501040102,15,,,,,1,4,2001,20020130,20020130,6FCSASAF LKRP,6FCSASAF LVNH,6FCSASAF,P,H,P,FR,4.28,73,N,5000,4939,,,5000,25,,,C,0.005,42,200,,
T,4.1,20140221,USFWS,USFWS,7,54554,12,,,,,1,4,2007,20080131,20080131,6FCSASAF LKRP,6FCSASAF LVNH,6FCSASAF LVNH,P,H,P,FR,6.15,90,N,5000,7086,,,5000,287,0,13,C,0.0383,19,600,,"Resubmited2.21.14Hatchery Family Group:13M,13N,14M"
T,4.1,20140221,USFWS,USFWS,7,54607,12,,,,,1,4,2007,20080131,20080131,6FCSASAF LKRP,6FCSASAF LVNH,6FCSASAF LVNH,P,H,P,FR,8.25,82,N,5000,8325,0,14,5000,140,,,C,0.0188,26,800,,"Resub2.21.14Natural Family Group:20Q,20R,21O,21P,22O,22Q,23O,23Q"
T,4.1,20151207,USFWS,USFWS,7,501030209,15,,,,,1,4,2000,20010201,20010201,6FCSASAF LKRP,6FCSASAF LVNH,6FCSASAF,P,H,P,FR,5.1,77,N,5000,5634,0,88,5000,147,,,C,0.025,14,200,,"FAMILY GROUP 19P,19Q,35Y"
T,4.1,20151207,USFWS,USFWS,7,501030304,15,,,,,1,4,2000,20010201,20010201,6FCSASAF LKRP,6FCSASAF LVNH,6FCSASAF,P,H,P,FR,5.16,77,N,5000,5830,0,29,5000,29,,,C,0.005,13,200,,"FAMILY GROUP 38CC,38FF,39DD"
T,4.1,20151207,USFWS,USFWS,7,501030407,15,,,,,1,4,2000,20010201,20010201,6FCSASAF LKRP,6FCSASAF LVNH,6FCSASAF,P,H,P,FR,5.82,81,N,5000,4603,0,47,5000,23,,,C,0.005,14,200,,"FAMILY GROUP 30V,32AA,32BB"
T,4.1,20191023,USFWS,USFWS,7,55909,12,,,,,1,4,2017,20180301,20180313,6FCSASAF LKRP,6FCSASAF LVNH,6FCSASAF LVNH,P,H,P,FR,18.33,117,N,5000,52512,0,213,,,,,C,0,55,225,,Family Group Hat and Family GroupNatural: 94 total groups
T,4.1,20191023,USFWS,USFWS,7,56173,12,,,,,1,4,2017,20180302,20180302,6FCSABAT NFK WILD,6FCSASAF LVNH,6FCSASAF LVNH,P,H,E,FR,6.11,80,N,5000,29858,,,,,,,C,0,36,200,,"Captive progeny, second jumpstart release"
T,4.1,20191023,USFWS,USFWS,7,55912,12,,,,,1,4,2017,20180313,20180313,6FCSASAF LKRP,6FCSASAF LVNH,6FCSASAF LVNH,P,H,P,FR,10.2,98,N,5000,51577,,,,,,,C,0,42,510,,Family Group Hat and Family GroupNatural: 42 total groups
T,4.1,20191023,USFWS,USFWS,7,54778,12,,,,,1,4,2017,20180313,20180313,6FCSASAF LKRP,6FCSASAF LVNH,6FCSASAF LVNH,P,H,P,FR,7.79,89,N,5000,9866,,,0,50,,,C,0.005,42,400,,Family Grp Hat and Family Grp Natural: 10 total groups
T,4.1,20191023,USFWS,USFWS,7,52579,12,,,,,1,4,2017,20180314,20180314,6FCSABAT NFK WILD,6FCSASAF LVNH,6FCSASAF LVNH,P,H,E,FR,4.57,74,N,5000,26649,,,5000,134,,,C,0.005,28,200,,"Captive progeny, second jumpstart release"
T,4.1,20191023,USFWS,USFWS,7,52580,12,,,,,1,4,2017,20180406,20180406,6FCSABAT NFK WILD,6FCSASAF LVNH,6FCSASAF LVNH,P,H,E,FR,6.17,79,N,5000,24398,,,0,123,,,C,0.005,37,200,,"Captive progeny, second jumpstart release, 500 rel for BC RST eff trials"
T,4.1,20191023,USFWS,USFWS,7,56174,12,,,,,1,4,2017,20180314,20180314,6FCSABAT NFK WILD,6FCSASAF LVNH,6FCSASAF LVNH,P,H,E,FR,5.34,78,N,5000,32154,,,5000,162,0,162,C,0.01,42,200,,"Captive progeny, second jumpstart releasee"
T,4.1,20191023,USFWS,USFWS,7,55910,12,,,,,1,4,2017,20180301,20180313,6FCSASAF LKRP,6FCSASAF LVNH,6FCSASAF LVNH,P,H,P,FR,13.76,109,N,5000,51427,0,202,,,,,C,0,50,225,,Family Group Hat and Family GroupNatural: 59 total groups
T,4.1,20191023,USFWS,USFWS,7,56176,12,,,,,1,4,2017,20180316,20180316,6FCSABAT NFK WILD,6FCSASAF LVNH,6FCSASAF LVNH,P,H,E,FR,3.99,71,N,5000,37014,0,186,,,,,C,0.015,22,200,,"Captive progeny, second jumpstart release"
T,4.1,20191023,USFWS,USFWS,7,50687,12,,,,,1,4,2017,20180316,20180316,6FCSABAT NFK WILD,6FCSASAF LVNH,6FCSASAF LVNH,P,H,E,FR,4.09,72,N,5000,29611,,,5000,149,,,C,0.005,23,200,,"Captive progeny, second jumpstart release"
T,4.1,20191023,USFWS,USFWS,7,56175,12,,,,,1,4,2017,20180314,20180314,6FCSABAT NFK WILD,6FCSASAF LVNH,6FCSASAF LVNH,P,H,E,FR,4.63,74,N,5000,32452,,,5000,165,0,329,C,0.015,35,200,,"Captive progeny, second jumpstart release"
T,4.1,20191023,USFWS,USFWS,7,55911,12,,,,,1,4,2017,20180301,20180313,6FCSASAF LKRP,6FCSASAF LVNH,6FCSASAF LVNH,P,H,P,FR,13.19,107,N,5000,50855,0,44,,,,,C,0,48,400,,Family Group Hat and Family GroupNatural: 44 total groups
T,4.1,20141118,USFWS,USFWS,7,55349,12,,,,,1,4,2013,20140210,20140210,6FCSASAF LKRP,6FCSASAF LVNH,6FCSASAF LVNH,P,H,P,FR,7,84,N,5000,78091,,,5000,1101,,,C,0.014,30,500,,Family Group: 42 groups (including 2 Rescue Fish groups)
T,4.1,20160106,USFWS,USFWS,7,55771,12,,,,,1,4,2014,20150205,20150206,6FCSASAF LKRP,6FCSASAF LVNH,6FCSASAF LVNH,P,H,P,FR,3.8,86,N,5000,88123,0,2157,5000,616,0,616,C,0.0135,53,297,,Family Group: 65 groups
T,4.1,20160106,USFWS,USFWS,7,55772,12,,,,,1,4,2014,20150204,20150205,6FCSASAF LKRP,6FCSASAF LVNH,6FCSASAF LVNH,P,H,P,FR,4.8,90,N,5000,101159,0,1367,5000,684,,,C,0.0066,21,302,,Family Group: 64 groups
T,4.1,20160106,USFWS,USFWS,7,55773,12,,,,,1,4,2014,20150206,20150206,6FCSASAF LKRP,6FCSASAF LVNH,6FCSASAF LVNH,P,H,P,FR,5.2,89,N,5000,74951,0,1561,5000,1561,,,C,0.02,48,300,,Family Group: 59 groups
T,4.1,20160106,USFWS,USFWS,7,55774,12,,,,,1,4,2014,20150204,20150204,6FCSASAF LKRP,6FCSASAF LVNH,6FCSASAF LVNH,P,H,P,FR,5.7,85,N,5000,86556,0,1345,5000,1794,,,C,0.02,28,200,,Family Group: 53 groups
T,4.1,20160106,USFWS,USFWS,7,55775,12,,,,,1,4,2014,20150204,20150204,6FCSASAF LKRP,6FCSASAF LVNH,6FCSASAF LVNH,P,H,P,FR,6,89,N,5000,81425,0,413,5000,827,,,C,0,26,200,,Family Group: 52 groups
T,4.1,20160106,USFWS,USFWS,7,55776,12,,,,,1,4,2014,20150206,20150206,6FCSASAF LKRP,6FCSASAF LVNH,6FCSASAF LVNH,P,H,P,FR,6.5,94,N,5000,79786,0,273,5000,1913,,,C,0,26,300,,Family Group: 41 groups
T,4.1,20160106,USFWS,USFWS,7,55777,12,,,,,1,4,2014,20150205,20150205,6FCSASAF LKRP,6FCSASAF LVNH,6FCSASAF LVNH,P,H,P,FR,5.3,84,N,5000,78623,,,5000,3287,0,274,C,0.0433,22,300,,Family Group: 62 groups
T,4.1,20041207,USFWS,USFWS,7,51993,12,,,,,1,4,2003,20040205,20040205,6FCSASAF LKRP,6FCSASAF LVNH,6FCSASAF,,H,P,FR,,88,N,5000,11568,,,5000,58,,,C,0.005,28,200,,"Family Group: 1A, 2A, 5E, 6E, 7G, 10G, 12R"
T,4.1,20041207,USFWS,USFWS,7,51995,12,,,,,1,4,2003,20040205,20040205,6FCSASAF LKRP,6FCSASAF LVNH,6FCSASAF,,H,P,FR,,78,N,5000,18039,,,5000,182,,,C,0.01,27,200,,Family Group: BML 1-16
T,4.1,20041207,USFWS,USFWS,7,51996,12,,,,,1,4,2003,20040205,20040205,6FCSASAF LKRP,6FCSASAF LVNH,6FCSASAF,,H,P,FR,,77,N,5000,17630,,,5000,89,,,C,0.005,26,200,,Family Group: BML 17-35
T,4.1,20041207,USFWS,USFWS,7,51975,12,,,,,1,4,2003,20040205,20040205,6FCSASAF LKRP,6FCSASAF LVNH,6FCSASAF,,H,P,FR,,88,N,5000,4446,,,,,,,C,0,38,200,,"Family Group: 21O, 22S, 24O"
T,4.1,20041207,USFWS,USFWS,7,51989,12,,,,,1,4,2003,20040205,20040205,6FCSASAF LKRP,6FCSASAF LVNH,6FCSASAF,,H,P,FR,,83,N,5000,4093,,,5000,21,,,C,0.005,31,200,,"Family Group: 40DD, 44X"
T,4.1,20041207,USFWS,USFWS,7,51990,12,,,,,1,4,2003,20040205,20040205,6FCSASAF LKRP,6FCSASAF LVNH,6FCSASAF,,H,P,FR,,80,N,5000,4433,,,5000,22,,,C,0.005,31,200,,"Family Group: 44FF, 45FF"
T,4.1,20041207,USFWS,USFWS,7,51991,12,,,,,1,4,2003,20040205,20040205,6FCSASAF LKRP,6FCSASAF LVNH,6FCSASAF,,H,P,FR,,84,N,5000,4414,,,5000,45,,,C,0.01,33,200,,"Family Group: 25J, 34AA, 34BB"
T,4.1,20041207,USFWS,USFWS,7,51992,12,,,,,1,4,2003,20040205,20040205,6FCSASAF LKRP,6FCSASAF LVNH,6FCSASAF,,H,P,FR,,80,N,5000,4367,,,5000,22,,,C,0.005,28,200,,"Family Group: 45Z, 46GG"
T,4.1,20041207,USFWS,USFWS,7,51965,12,,,,,1,4,2003,20040205,20040205,6FCSASAF LKRP,6FCSASAF LVNH,6FCSASAF,,H,P,FR,,95,N,5000,3703,,,5000,76,,,C,0.02,24,200,,"Family Group: 4C, 4D"
T,4.1,20041207,USFWS,USFWS,7,51967,12,,,,,1,4,2003,20040205,20040205,6FCSASAF LKRP,6FCSASAF LVNH,6FCSASAF,,H,P,FR,,87,N,5000,4394,,,5000,22,,,C,0.005,43,200,,"Family Group: 1B, 2B, 3B, 5F , 9C"
T,4.1,20051109,USFWS,USFWS,7,51681,12,,,,,1,4,2004,20050203,20050203,6FCSASAF LKRP,6FCSASAF LVNH,6FCSASAF LVNH,P,H,E,FR,,90,N,5000,6903,0,64,5000,2561,0,16,C,0.27,38,600,,"Family group:4D,7D,7F,8G;Natural female proposal study group (BML control group)"
T,4.1,20051109,USFWS,USFWS,7,51694,12,,,,,1,4,2004,20050203,20050203,6FCSASAF LKRP,6FCSASAF LVNH,6FCSASAF LVNH,P,H,E,FR,,80,N,5000,8797,0,32,5000,768,,,C,0.08,29,600,,"Family group:27AA,28V,36GG,36FF;Nat female proposal studygroup(BML controlgroup)"
T,4.1,20070131,USFWS,USFWS,7,52487,12,,,,,1,4,2005,20060202,20060202,6FCSASAF LKRP,6FCSASAF LVNH,6FCSASAF LVNH,P,H,B,FR,7.82,91,N,5000,9182,,,5000,483,,,C,0.05,24,200,,"Family Group: 1A, 1B, 1C, 2E, 3F, 4A (LSNFH control)"
T,4.1,20070131,USFWS,USFWS,7,52488,12,,,,,1,4,2005,20060202,20060202,6FCSASAF LKRP,6FCSASAF LVNH,6FCSASAF LVNH,P,H,P,FR,7.82,80,N,5000,9020,,,5000,91,,,C,0.01,22,200,,"Family Group: 48PP, 49BB, 35HH, 35II"
T,4.1,20070131,USFWS,USFWS,7,53072,12,,,,,1,4,2005,20060202,20060202,6FCSASAF LKRP,6FCSASAF LVNH,6FCSASAF LVNH,P,H,P,FR,7.82,82,N,5000,10090,,,5000,206,,,C,0.02,21,200,,"Family Group: 42NN, 43OO, 43PP, 51QQ, 51RR, 42MM"
T,4.1,20081031,USFWS,USFWS,7,53469,12,,,,,1,4,2006,20070208,20070208,6FCSASAF LKRP,6FCSASAF LVNH,6FCSASAF LVNH,P,H,P,FR,9.11,93,N,5000,9454,0,48,5000,194,,,C,0.02,31,200,,"Natural Family Group: 11A, 12E, 13H, 14F"
T,4.1,20081031,USFWS,USFWS,7,53470,12,,,,,1,4,2006,20070208,20070208,6FCSASAF LKRP,6FCSASAF LVNH,6FCSASAF LVNH,P,H,P,FR,8.64,92,N,5000,9834,,,5000,99,,,C,0.01,31,200,,"Natural Family Group: 13I, 17M, 20Q, 17L, 26T"
T,4.1,20170817,USFWS,USFWS,7,53998,12,,,,,1,4,2016,20170202,20170202,6FCSASAF LKRP,6FCSASAF LVNH,6FCSASAF LVNH,P,H,P,FR,5,77,N,5000,20132,0,258,0,52,,,C,0.0025,22,396,,Family Group: 12 groups
T,4.1,20170817,USFWS,USFWS,7,54777,12,,,,,1,4,2016,20170202,20170202,6FCSASAF LKRP,6FCSASAF LVNH,6FCSASAF LVNH,P,H,P,FR,4.9,76,N,5000,9322,0,192,,,,,C,0,21,396,,Family Group: 24 groups
T,4.1,20170817,USFWS,USFWS,7,55460,12,,,,,1,4,2016,20170202,20170202,6FCSASAF LKRP,6FCSASAF LVNH,6FCSASAF LVNH,P,H,P,FR,3.9,71,N,5000,7845,0,729,5000,22,0,88,C,0.0127,20,393,,Family Group: 23 groups
T,4.1,20170817,USFWS,USFWS,7,55881,12,,,,,1,4,2016,20170202,20170202,6FCSASAF LKRP,6FCSASAF LVNH,6FCSASAF LVNH,P,H,P,FR,8.8,91,N,5000,50838,0,421,0,105,,,C,0.002,28,487,,Family Group: 24 groups
T,4.1,20170817,USFWS,USFWS,7,55882,12,,,,,1,4,2016,20170202,20170202,6FCSASAF LKRP,6FCSASAF LVNH,6FCSASAF LVNH,P,H,P,FR,5.8,80,N,5000,50666,0,422,5000,120,0,120,C,0.0047,26,852,,Family Group: 29 groups
T,4.1,20151207,USFWS,USFWS,7,501030202,15,,,,,1,4,2000,20010201,20010201,6FCSASAF LKRP,6FCSASAF LVNH,6FCSASAF,P,H,P,FR,5.95,81,N,5000,5241,,,5000,395,,,C,0.07,20,200,,"FAMILY GROUP 10F,13I,14F"
T,4.1,20151207,USFWS,USFWS,7,501030206,15,,,,,1,4,2000,20010201,20010201,6FCSASAF LKRP,6FCSASAF LVNH,6FCSASAF,P,H,P,FR,4.75,75,N,5000,6901,,,5000,70,,,C,0.01,14,200,,"FAMILY GROUP 18K,18O,20O,20P"
T,4.1,20151207,USFWS,USFWS,7,501030305,15,,,,,1,4,2000,20010201,20010201,6FCSASAF LKRP,6FCSASAF LVNH,6FCSASAF,P,H,P,FR,4.91,76,N,5000,5333,,,5000,27,,,C,0.005,27,200,,"FAMILY GROUP 39GG,42HH,42-99B,42-99H"
T,4.1,20151207,USFWS,USFWS,7,501030303,15,,,,,1,4,2000,20010201,20010201,6FCSASAF LKRP,6FCSASAF LVNH,6FCSASAF,P,H,P,FR,4.79,76,N,5000,5966,,,5000,91,,,C,0.015,13,200,,"FAMILY GROUP 37DD,37EE"
T,4.1,20151207,USFWS,USFWS,7,501030409,15,,,,,1,4,2000,20010201,20010201,6FCSASAF LKRP,6FCSASAF LVNH,6FCSASAF,P,H,P,FR,7.3,87,N,5000,2637,,,5000,110,,,C,0.04,13,200,,"FAMILY GROUP 35X,35Z,36Z"
T,4.1,20151207,USFWS,USFWS,7,501030302,15,,,,,1,4,2000,20010201,20010201,6FCSASAF LKRP,6FCSASAF LVNH,6FCSASAF,P,H,P,FR,5.34,79,N,5000,5747,0,59,5000,59,,,C,0.01,13,200,,"FAMILY GROUP 34Y,34O,38CC,38V"
T,4.1,20031118,USFWS,USFWS,7,51276,12,,,,,1,4,2002,20030130,20030130,6FCSASAF LKRP,6FCSASAF LVNH,6FCSASAF,P,H,P,FR,5.28,78,N,5000,3756,,,5000,116,,,C,0.03,28,200,,
T,4.1,20031118,USFWS,USFWS,7,51292,12,,,,,1,4,2002,20030130,20030130,6FCSASAF LKRP,6FCSASAF LVNH,6FCSASAF,P,H,P,FR,4.7,74,N,5000,4377,,,5000,230,,,C,0.05,25,200,,
T,4.1,20031118,USFWS,USFWS,7,53737,0,,,,,1,4,2002,20030130,20030130,6FCSASAF LKRP,6FCSASAF LVNH,6FCSASAF,P,H,P,FR,3.16,65,N,5000,22576,,,5000,228,,,C,0.01,23,200,,
T,4.1,20151207,USFWS,USFWS,7,501030108,15,,,,,1,4,2000,20010201,20010201,6FCSASAF LKRP,6FCSASAF LVNH,6FCSASAF,P,H,P,FR,6.01,82,N,5000,5284,,,5000,220,,,C,0.04,27,200,,"FAMILY GROUP 21S,21T,22S,22T,24S,24T"
T,4.1,20081031,USFWS,USFWS,7,53467,12,,,,,1,4,2006,20070208,20070208,6FCSASAF LKRP,6FCSASAF LVNH,6FCSASAF LVNH,P,H,P,FR,10.15,97,N,5000,9024,,,5000,475,,,C,0.05,33,200,,"Natural Family Group: 4E, 4D, 3A, 3B, 10J, 12J, 14J"
T,4.1,20081031,USFWS,USFWS,7,51680,12,,,,,1,4,2006,20070208,20070208,6FCSASAF LKRP,6FCSASAF LVNH,6FCSASAF LVNH,P,H,P,FR,7.47,86,N,5000,8471,,,5000,687,,,C,0.075,24,200,,"Natural Family Group: 45EE, 48HH, 51II, 52II"
T,4.1,20100205,USFWS,USFWS,7,51682,12,,,,,1,4,2006,20070208,20070208,6FCSASAF LKRP,6FCSASAF LVNH,6FCSASAF LVNH,P,H,P,FR,6.54,84,N,5000,8288,0,132,5000,351,,,C,0.04,24,200,,"Natural Family Group: 51JJ, 49JJ, 52JJ, 50KK"
T,4.1,20140221,USFWS,USFWS,7,54091,12,,,,,1,4,2010,20110203,20110203,6FCSASAF LKRP,6FCSASAF LVNH,6FCSASAF LVNH,P,H,P,FR,8,91,N,5000,8090,,,5000,1152,,,C,0.125,55,400,,"Resub2.21.14Famy Grp: 5C, 6D,6E, 10I; have been weighted by RW&retent"
T,4.1,20130619,USFWS,USFWS,7,54176,12,,,,,1,4,2012,20130207,20130207,6FCSASAF LKRP,6FCSASAF LVNH,6FCSASAF LVNH,P,H,P,FR,10.6,99,N,5000,13879,0,79,5000,1824,0,79,C,0.12,51,200,,"Family Group: 1A, 1B, 2A, 2B, 3B, 3C, 4C, 4D;15 acoustic tagged"
T,4.1,20130619,USFWS,USFWS,7,54986,12,,,,,1,4,2012,20130207,20130207,6FCSASAF LKRP,6FCSASAF LVNH,6FCSASAF LVNH,P,H,P,FR,6.8,84,N,5000,9559,,,5000,613,,,C,0.06,47,200,,"Family Group: 16K, 16L, 17L, 17M, 19N, 21O"
T,4.1,20130619,USFWS,USFWS,7,54987,12,,,,,1,4,2012,20130207,20130207,6FCSASAF LKRP,6FCSASAF LVNH,6FCSASAF LVNH,P,H,P,FR,6.4,82,N,5000,9834,,,5000,305,,,C,0.02,43,300,,"Family Group: 18M, 19O, 20N, 18N, 20O, 20N"
T,4.1,20130619,USFWS,USFWS,7,55268,12,,,,,1,4,2012,20130207,20130207,6FCSASAF LKRP,6FCSASAF LVNH,6FCSASAF LVNH,P,H,P,FR,6.1,77,N,5000,9196,0,47,5000,92,,,C,0.01,24,200,,"Family Group: 35BB, 38CC, 37DD, 40GG, 39EE"
T,4.1,20130619,USFWS,USFWS,7,55287,12,,,,,1,4,2012,20130207,20130207,6FCSASAF LKRP,6FCSASAF LVNH,6FCSASAF LVNH,P,H,P,FR,6.1,80,N,5000,10452,,,,,,,C,0,30,200,,"Family Group: 22P, 23P, 24P, 28R"
T,4.1,20100205,USFWS,USFWS,7,51969,12,,,,,1,4,2003,20040205,20040205,6FCSASAF LKRP,6FCSASAF LVNH,6FCSASAF,,H,P,FR,,92,N,5000,4339,0,22,5000,66,,,C,0.015,43,200,,"Family Group: 7H, 8F, 11H, 11I"
T,4.1,20041207,USFWS,USFWS,7,51970,12,,,,,1,4,2003,20040205,20040205,6FCSASAF LKRP,6FCSASAF LVNH,6FCSASAF,,H,P,FR,,84,N,5000,5411,,,5000,27,,,C,0.005,42,200,,"Family Group: 10F, 14K"
T,4.1,20041207,USFWS,USFWS,7,51972,12,,,,,1,4,2003,20040205,20040205,6FCSASAF LKRP,6FCSASAF LVNH,6FCSASAF,,H,P,FR,,88,N,5000,4315,,,5000,22,,,C,0.005,42,200,,"Family Group: 13L, 14J, 15K"
T,4.1,20151207,USFWS,USFWS,7,501030401,15,,,,,1,4,2000,20010201,20010201,6FCSASAF LKRP,6FCSASAF LVNH,6FCSASAF,P,H,P,FR,5.61,80,N,5000,5126,,,5000,131,,,C,0.025,20,200,,"FAMILY GROUP 11K,11L"
T,4.1,20151207,USFWS,USFWS,7,501030402,15,,,,,1,4,2000,20010201,20010201,6FCSASAF LKRP,6FCSASAF LVNH,6FCSASAF,P,H,P,FR,7.09,86,N,5000,4826,,,5000,98,,,C,0.02,20,200,,"FAMILY GROUP 7F,7H"
T,4.1,20151207,USFWS,USFWS,7,501030403,15,,,,,1,4,2000,20010201,20010201,6FCSASAF LKRP,6FCSASAF LVNH,6FCSASAF,P,H,P,FR,6.45,84,N,5000,5319,,,5000,164,,,C,0.03,18,200,,"FAMILY GROUP 1A,2A,2C"
T,4.1,20151207,USFWS,USFWS,7,501030404,15,,,,,1,4,2000,20010201,20010201,6FCSASAF LKRP,6FCSASAF LVNH,6FCSASAF,P,H,P,FR,7.1,86,N,5000,4439,,,5000,161,,,C,0.035,18,200,,"FAMILY GROUP 15I,15L,17J"
T,4.1,20151207,USFWS,USFWS,7,501030208,15,,,,,1,4,2000,20010201,20010201,6FCSASAF LKRP,6FCSASAF LVNH,6FCSASAF,P,H,P,FR,5.51,79,N,5000,5381,,,5000,54,,,C,0.01,15,200,,"FAMILY GROUP 23R,23U,270,27W,28-99K,28V"
T,4.1,20151207,USFWS,USFWS,7,501030203,15,,,,,1,4,2000,20010201,20010201,6FCSASAF LKRP,6FCSASAF LVNH,6FCSASAF,P,H,P,FR,5.8,81,N,5000,6403,,,5000,164,,,C,0.025,19,200,,"FAMILY GROUP 5C,5G,6E,6H"
T,4.1,20151207,USFWS,USFWS,7,501030204,15,,,,,1,4,2000,20010201,20010201,6FCSASAF LKRP,6FCSASAF LVNH,6FCSASAF,P,H,P,FR,5.56,80,N,5000,5586,,,5000,203,,,C,0.035,19,200,,"FAMILY GROUP 4E,4F"
T,4.1,20151207,USFWS,USFWS,7,501030109,15,,,,,1,4,2000,20010201,20010201,6FCSASAF LKRP,6FCSASAF LVNH,6FCSASAF,P,H,P,FR,5.07,77,N,5000,5550,,,5000,172,,,C,0.03,26,200,,"FAMILY GROUP 40EE,40DD,41FF"
T,4.1,20151207,USFWS,USFWS,7,501030201,15,,,,,1,4,2000,20010201,20010201,6FCSASAF LKRP,6FCSASAF LVNH,6FCSASAF,P,H,P,FR,4.08,72,N,5000,5429,,,5000,347,,,C,0.06,26,200,,"FAMILY GROUP 43FF,43HH"
T,4.1,20151207,USFWS,USFWS,7,501030205,15,,,,,1,4,2000,20010201,20010201,6FCSASAF LKRP,6FCSASAF LVNH,6FCSASAF,P,H,P,FR,6.02,82,N,5000,6166,,,5000,158,,,C,0.025,19,200,,"FAMILY GROUP 3D,3E"
T,4.1,20151207,USFWS,USFWS,7,501030306,15,,,,,1,4,2000,20010201,20010201,6FCSASAF LKRP,6FCSASAF LVNH,6FCSASAF,P,H,P,FR,6.31,83,N,5000,5325,,,5000,137,,,C,0.025,27,200,,"FAMILY GROUP 17M,17N,13M"
T,4.1,20151207,USFWS,USFWS,7,501030307,15,,,,,1,4,2000,20010201,20010201,6FCSASAF LKRP,6FCSASAF LVNH,6FCSASAF,P,H,P,FR,6.39,83,N,5000,5007,,,5000,102,,,C,0.02,26,200,,"FAMILY GROUP 28X,30X,30Z,29W,29Y,29-99I"
T,4.1,20151207,USFWS,USFWS,7,501030301,15,,,,,1,4,2000,20010201,20010201,6FCSASAF LKRP,6FCSASAF LVNH,6FCSASAF,P,H,P,FR,5.8,81,N,5000,5500,,,5000,56,,,C,0.01,14,200,,"FAMILY GROUP 31AA,31BB"
T,4.1,20151207,USFWS,USFWS,7,501030405,15,,,,,1,4,2000,20010201,20010201,6FCSASAF LKRP,6FCSASAF LVNH,6FCSASAF,P,H,P,FR,6.56,84,N,5000,5435,,,5000,168,,,C,0.03,19,200,,"FAMILY GROUP 16J,16K"
T,4.1,20151207,USFWS,USFWS,7,501030406,15,,,,,1,4,2000,20010201,20010201,6FCSASAF LKRP,6FCSASAF LVNH,6FCSASAF,P,H,P,FR,6.85,85,N,5000,4763,,,5000,73,,,C,0.015,15,200,,"FAMILY GROUP 22U,21R"
T,4.1,20151207,USFWS,USFWS,7,501030408,15,,,,,1,4,2000,20010201,20010201,6FCSASAF LKRP,6FCSASAF LVNH,6FCSASAF,P,H,P,FR,5.9,81,N,5000,4666,,,5000,23,,,C,0.005,14,200,,"FAMILY GROUP 33AA,33BB"
T,4.1,20031118,USFWS,USFWS,7,51295,12,,,,,1,4,2002,20030130,20030130,6FCSASAF LKRP,6FCSASAF LVNH,6FCSASAF,P,H,P,FR,8.46,91,N,5000,2294,,,5000,358,,,C,0.135,21,200,,
T,4.1,20031118,USFWS,USFWS,7,51287,12,,,,,1,4,2002,20030130,20030130,6FCSASAF LKRP,6FCSASAF LVNH,6FCSASAF,P,H,P,FR,6.37,79,N,5000,3405,,,5000,601,,,C,0.15,36,200,,
T,4.1,20031118,USFWS,USFWS,7,51288,12,,,,,1,4,2002,20030130,20030130,6FCSASAF LKRP,6FCSASAF LVNH,6FCSASAF,P,H,P,FR,5.31,78,N,5000,4992,,,5000,555,,,C,0.1,35,200,,
T,4.1,20031118,USFWS,USFWS,7,51364,12,,,,,1,4,2002,20030130,20030130,6FCSASAF LKRP,6FCSASAF LVNH,6FCSASAF,P,H,P,FR,5.5,79,N,5000,4778,,,5000,502,,,C,0.095,34,200,,
T,4.1,20031118,USFWS,USFWS,7,51289,12,,,,,1,4,2002,20030130,20030130,6FCSASAF LKRP,6FCSASAF LVNH,6FCSASAF,P,H,P,FR,4.98,78,N,5000,5831,,,5000,243,,,C,0.04,35,200,,
T,4.1,20031118,USFWS,USFWS,7,51365,12,,,,,1,4,2002,20030130,20030130,6FCSASAF LKRP,6FCSASAF LVNH,6FCSASAF,P,H,P,FR,5.12,79,N,5000,4235,,,5000,368,,,C,0.08,34,200,,
T,4.1,20031118,USFWS,USFWS,7,51366,12,,,,,1,4,2002,20030130,20030130,6FCSASAF LKRP,6FCSASAF LVNH,6FCSASAF,P,H,P,FR,5.19,79,N,5000,4403,,,5000,136,,,C,0.03,31,200,,
T,4.1,20031118,USFWS,USFWS,7,51299,12,,,,,1,4,2002,20030130,20030130,6FCSASAF LKRP,6FCSASAF LVNH,6FCSASAF,P,H,P,FR,6.62,83,N,5000,4341,,,5000,66,,,C,0.015,31,200,,
T,4.1,20031118,USFWS,USFWS,7,51367,12,,,,,1,4,2002,20030130,20030130,6FCSASAF LKRP,6FCSASAF LVNH,6FCSASAF,P,H,P,FR,6.09,82,N,5000,4671,,,5000,144,,,C,0.03,31,200,,
T,4.1,20031118,USFWS,USFWS,7,51368,12,,,,,1,4,2002,20030130,20030130,6FCSASAF LKRP,6FCSASAF LVNH,6FCSASAF,P,H,P,FR,5.22,78,N,5000,4451,,,5000,68,,,C,0.015,31,200,,
T,4.1,20031118,USFWS,USFWS,7,51369,12,,,,,1,4,2002,20030130,20030130,6FCSASAF LKRP,6FCSASAF LVNH,6FCSASAF,P,H,P,FR,5.03,75,N,5000,4556,,,5000,165,,,C,0.035,28,200,,
T,4.1,20100205,USFWS,USFWS,7,51370,12,,,,,1,4,2002,20030130,20030130,6FCSASAF LKRP,6FCSASAF LVNH,6FCSASAF,P,H,P,FR,5.16,78,N,5000,4621,,,5000,23,,,C,0.02,28,200,,
T,4.1,20100205,USFWS,USFWS,7,51281,12,,,,,1,4,2002,20030130,20030130,6FCSASAF LKRP,6FCSASAF LVNH,6FCSASAF,P,H,P,FR,5.59,80,N,5000,4319,,,5000,111,,,C,0.03,28,200,,
T,4.1,20041207,USFWS,USFWS,7,51371,12,,,,,1,4,2002,20030130,20030130,6FCSASAF LKRP,6FCSASAF LVNH,6FCSASAF,P,H,P,FR,4.81,72,N,5000,5329,0,57,5000,283,,,C,0.05,28,200,,"Family Group: 37V,37AA,47LL, Males and/or females of hatchery origin"
T,4.1,20031118,USFWS,USFWS,7,51277,12,,,,,1,4,2002,20030130,20030130,6FCSASAF LKRP,6FCSASAF LVNH,6FCSASAF,P,H,P,FR,4.41,71,N,5000,4330,,,5000,326,,,C,0.07,28,200,,
T,4.1,20041207,USFWS,USFWS,7,51282,12,,,,,1,4,2002,20030130,20030130,6FCSASAF LKRP,6FCSASAF LVNH,6FCSASAF,P,H,P,FR,6.55,82,N,5000,5626,0,31,5000,525,,,C,0.085,37,200,,"Family Group: 1B,2C,3B, Natural females within proposal study group"
T,4.1,20041207,USFWS,USFWS,7,51283,12,,,,,1,4,2002,20030130,20030130,6FCSASAF LKRP,6FCSASAF LVNH,6FCSASAF,P,H,P,FR,6.77,79,N,5000,5350,0,31,5000,840,,,C,0.135,37,200,,"Family Group: 4C,5D,6E, Natural females within proposal study group"
T,4.1,20031118,USFWS,USFWS,7,51284,12,,,,,1,4,2002,20030130,20030130,6FCSASAF LKRP,6FCSASAF LVNH,6FCSASAF,P,H,P,FR,6.46,80,N,5000,5410,,,5000,535,,,C,0.09,36,200,,
T,4.1,20031118,USFWS,USFWS,7,51285,12,,,,,1,4,2002,20030130,20030130,6FCSASAF LKRP,6FCSASAF LVNH,6FCSASAF,P,H,P,FR,7.83,86,N,5000,4143,,,5000,435,,,C,0.095,36,200,,
T,4.1,20031118,USFWS,USFWS,7,51286,12,,,,,1,4,2002,20030130,20030130,6FCSASAF LKRP,6FCSASAF LVNH,6FCSASAF,P,H,P,FR,6.24,83,N,5000,5005,,,5000,128,,,C,0.025,36,200,,
T,4.1,20031118,USFWS,USFWS,7,51278,12,,,,,1,4,2002,20030130,20030130,6FCSASAF LKRP,6FCSASAF LVNH,6FCSASAF,P,H,P,FR,4.68,73,N,5000,4429,,,5000,137,,,C,0.03,28,200,,
T,4.1,20031118,USFWS,USFWS,7,51373,12,,,,,1,4,2002,20030130,20030130,6FCSASAF LKRP,6FCSASAF LVNH,6FCSASAF,P,H,P,FR,5.16,77,N,5000,4230,,,5000,199,,,C,0.045,28,200,,
T,4.1,20041207,USFWS,USFWS,7,51372,12,,,,,1,4,2002,20030130,20030130,6FCSASAF LKRP,6FCSASAF LVNH,6FCSASAF,P,H,P,FR,4.34,73,N,5000,4948,0,25,5000,102,,,C,0.02,25,200,,"Family Group: 42HH,48JJ, Natural females not in proposal study group"
T,4.1,20031118,USFWS,USFWS,7,51279,12,,,,,1,4,2002,20030130,20030130,6FCSASAF LKRP,6FCSASAF LVNH,6FCSASAF,P,H,P,FR,4.54,73,N,5000,3762,,,5000,262,,,C,0.065,25,200,,
T,4.1,20031118,USFWS,USFWS,7,51280,12,,,,,1,4,2002,20030130,20030130,6FCSASAF LKRP,6FCSASAF LVNH,6FCSASAF,P,H,P,FR,4.37,72,N,5000,4224,,,5000,176,,,C,0.04,25,200,,
T,4.1,20031118,USFWS,USFWS,7,51291,12,,,,,1,4,2002,20030130,20030130,6FCSASAF LKRP,6FCSASAF LVNH,6FCSASAF,P,H,P,FR,4.69,74,N,5000,5680,,,5000,146,,,C,0.025,24,200,,
T,4.1,20100205,USFWS,USFWS,7,51293,12,,,,,1,4,2002,20030130,20030130,6FCSASAF LKRP,6FCSASAF LVNH,6FCSASAF,P,H,P,FR,4.43,74,N,5000,4426,,,5000,234,,,C,0.055,24,200,,
T,4.1,20031118,USFWS,USFWS,7,51294,12,,,,,1,4,2002,20030130,20030130,6FCSASAF LKRP,6FCSASAF LVNH,6FCSASAF,P,H,P,FR,4.78,75,N,5000,4489,,,5000,212,,,C,0.045,24,200,,
T,4.1,20031118,USFWS,USFWS,7,51296,12,,,,,1,4,2002,20030130,20030130,6FCSASAF LKRP,6FCSASAF LVNH,6FCSASAF,P,H,P,FR,7.14,80,N,5000,10425,,,5000,549,,,C,0.05,35,200,,
T,4.1,20041207,USFWS,USFWS,7,51290,12,,,,,1,4,2002,20030130,20030130,6FCSASAF LKRP,6FCSASAF LVNH,6FCSASAF,P,H,P,FR,8.22,82,N,5000,8086,0,45,5000,804,,,C,0.09,22,200,,"Family Group: 13J,14K,15K,18N,19N, Males and/or females of hatchery origin"
T,4.1,20031118,USFWS,USFWS,7,51297,12,,,,,1,4,2002,20030130,20030130,6FCSASAF LKRP,6FCSASAF LVNH,6FCSASAF,P,H,P,FR,5.09,72,N,5000,17364,,,5000,1207,,,C,0.065,33,200,,
T,4.1,20100205,USFWS,USFWS,7,51298,12,,,,,1,4,2002,20030130,20030130,6FCSASAF LKRP,6FCSASAF LVNH,6FCSASAF,P,H,P,FR,3.59,64,N,5000,26472,,,5000,186,,,C,0.035,21,200,,
T,4.1,20170104,USFWS,USFWS,7,55877,12,,,,,1,4,2015,20160218,20160218,6FCSASAF LKRP,6FCSASAF LVNH,6FCSASAF LVNH,P,H,P,FR,6.1,88,N,5000,48303,0,43,5000,223,,,C,0,57,1100,,Family Group: 25 groups
T,4.1,20170104,USFWS,USFWS,7,55873,12,,,,,1,4,2015,20160218,20160218,6FCSASAF LKRP,6FCSASAF LVNH,6FCSASAF LVNH,P,H,P,FR,9.1,93,N,5000,52120,,,,,,,C,0,64,200,,Family Group: 24 groups
T,4.1,20170104,USFWS,USFWS,7,55874,12,,,,,1,4,2015,20160218,20160218,6FCSASAF LKRP,6FCSASAF LVNH,6FCSASAF LVNH,P,H,P,FR,10.1,96,N,5000,48134,0,262,5000,523,,,C,0.0107,63,200,,Family Group: 23 groups
T,4.1,20170104,USFWS,USFWS,7,55875,12,,,,,1,4,2015,20160217,20160218,6FCSASAF LKRP,6FCSASAF LVNH,6FCSASAF LVNH,P,H,P,FR,8.7,92,N,5000,49913,,,5000,155,0,197,C,0.007,61,401,,Family Group: 24 groups
T,4.1,20170104,USFWS,USFWS,7,55876,12,,,,,1,4,2015,20160218,20160218,6FCSASAF LKRP,6FCSASAF LVNH,6FCSASAF LVNH,P,H,P,FR,6.3,87,N,5000,49083,0,149,5000,436,0,49,C,0,61,1100,,Family Group: 29 groups
T,4.1,20170104,USFWS,USFWS,7,55878,12,,,,,1,4,2015,20160217,20160218,6FCSASAF LKRP,6FCSASAF LVNH,6FCSASAF LVNH,P,H,P,FR,8,90,N,5000,46929,0,487,5000,293,,,C,0.0061,43,600,,Family Group: 30 groups
T,4.1,20170104,USFWS,USFWS,7,55879,12,,,,,1,4,2015,20160217,20160217,6FCSASAF LKRP,6FCSASAF LVNH,6FCSASAF LVNH,P,H,P,FR,10,99,N,5000,48243,,,,,,,C,0,41,200,,Family Group: 19 groups
T,4.1,20170104,USFWS,USFWS,7,55880,12,,,,,1,4,2015,20160217,20160217,6FCSASAF LKRP,6FCSASAF LVNH,6FCSASAF LVNH,P,H,P,FR,10.4,101,N,5000,45886,,,5000,733,,,C,0.0157,36,200,,Family Group: 28 groups
T,4.1,20140221,USFWS,USFWS,7,54606,12,,,,,1,4,2007,20080131,20080131,6FCSASAF LKRP,6FCSASAF LVNH,6FCSASAF LVNH,P,H,P,FR,8.03,82,N,5000,7886,0,17,5000,316,,,C,0.0317,28,600,,"Resub2.21.14MixedFamGrp:14N(HxN),19O(HxN),19P(HxN),24S (NxN),24T(NxN)"
T,4.1,20151207,USFWS,USFWS,7,501020507,3,,,,,1,4,2001,20020130,20020130,6FCSASAF LKRP,6FCSASAF LVNH,6FCSASAF,P,H,P,FR,3.77,70,N,5000,4263,,,5000,21,,,C,0.005,35,200,,
T,4.1,20050908,USFWS,USFWS,7,501040104,15,,,,,1,4,2001,20020130,20020130,6FCSASAF LKRP,6FCSASAF LVNH,6FCSASAF,P,H,P,FR,3.62,69,N,5000,4791,0,48,,,,,C,0,41,200,,
T,4.1,20050908,USFWS,USFWS,7,501030801,15,,,,,1,4,2001,20020130,20020130,6FCSASAF LKRP,6FCSASAF LVNH,6FCSASAF,P,H,P,FR,4.2,72,N,5000,5009,0,52,5000,103,,,C,0.02,41,200,,"High mortality, all occurred in pinhead type fish, used 550/lb mold."
T,4.1,20050908,USFWS,USFWS,7,501030809,15,,,,,1,4,2001,20020130,20020130,6FCSASAF LKRP,6FCSASAF LVNH,6FCSASAF,P,H,P,FR,4.49,74,N,5000,5194,,,5000,216,,,C,0.04,46,200,,
T,4.1,20050908,USFWS,USFWS,7,501030802,15,,,,,1,4,2001,20020130,20020130,6FCSASAF LKRP,6FCSASAF LVNH,6FCSASAF,P,H,P,FR,5.66,80,N,5000,5495,,,5000,351,,,C,0.06,40,200,,
T,4.1,20050908,USFWS,USFWS,7,501030806,15,,,,,1,4,2001,20020130,20020130,6FCSASAF LKRP,6FCSASAF LVNH,6FCSASAF,P,H,P,FR,5.27,77,N,5000,6245,,,5000,399,,,C,0.06,37,200,,
T,4.1,20100205,USFWS,USFWS,7,501030805,15,,,,,1,4,2001,20020130,20020130,6FCSASAF LKRP,6FCSASAF LVNH,6FCSASAF,P,H,P,FR,6.76,85,N,5000,4705,,,5000,145,,,C,0.03,37,200,,
T,4.1,20050908,USFWS,USFWS,7,501030901,15,,,,,1,4,2001,20020130,20020130,6FCSASAF LKRP,6FCSASAF LVNH,6FCSASAF,P,H,P,FR,5.26,78,N,5000,4497,,,5000,391,,,C,0.08,36,200,,
T,4.1,20050908,USFWS,USFWS,7,501030803,15,,,,,1,4,2001,20020130,20020130,6FCSASAF LKRP,6FCSASAF LVNH,6FCSASAF,P,H,P,FR,6.58,84,N,5000,4882,,,5000,424,,,C,0.08,37,200,,
T,4.1,20050908,USFWS,USFWS,7,501030804,15,,,,,1,4,2001,20020130,20020130,6FCSASAF LKRP,6FCSASAF LVNH,6FCSASAF,P,H,P,FR,5.33,78,N,5000,5920,,,5000,732,,,C,0.11,37,200,,
T,4.1,20050908,USFWS,USFWS,7,501030808,15,,,,,1,4,2001,20020130,20020130,6FCSASAF LKRP,6FCSASAF LVNH,6FCSASAF,P,H,P,FR,4.26,73,N,5000,4816,,,5000,24,,,C,0.005,36,200,,
T,4.1,20050908,USFWS,USFWS,7,501030807,15,,,,,1,4,2001,20020130,20020130,6FCSASAF LKRP,6FCSASAF LVNH,6FCSASAF,P,H,P,FR,4.67,75,N,5000,4499,,,5000,139,,,C,0.03,37,200,,
T,4.1,20140221,USFWS,USFWS,7,54553,12,,,,,1,4,2007,20080131,20080131,6FCSASAF LKRP,6FCSASAF LVNH,6FCSASAF LVNH,P,H,P,FR,7.37,93,N,5000,7217,,,5000,261,,,C,0.0333,21,600,,"Resubmited2.21.14Natural Family Group:8E,9H,9I,10J,10K"
T,4.1,20100205,USFWS,USFWS,7,501030708,15,,,,,1,4,2001,20020130,20020130,6FCSASAF LKRP,6FCSASAF LVNH,6FCSASAF,P,H,P,FR,5.28,78,N,5000,6053,,,5000,672,,,C,0.1,,200,,
T,4.1,20050908,USFWS,USFWS,7,501030909,15,,,,,1,4,2001,20020130,20020130,6FCSASAF LKRP,6FCSASAF LVNH,6FCSASAF,P,H,P,FR,4.72,75,N,5000,5891,,,5000,919,,,C,0.135,36,200,,
T,4.1,20050908,USFWS,USFWS,7,501030908,15,,,,,1,4,2001,20020130,20020130,6FCSASAF LKRP,6FCSASAF LVNH,6FCSASAF,P,H,P,FR,4.93,76,N,5000,5731,0,32,5000,573,0,32,C,0.095,36,200,,
T,4.1,20050908,USFWS,USFWS,7,501030907,15,,,,,1,4,2001,20020130,20020130,6FCSASAF LKRP,6FCSASAF LVNH,6FCSASAF,P,H,P,FR,4.85,76,N,5000,4777,0,27,5000,504,,,C,0.095,36,200,,
T,4.1,20050908,USFWS,USFWS,7,501030906,15,,,,,1,4,2001,20020130,20020130,6FCSASAF LKRP,6FCSASAF LVNH,6FCSASAF,P,H,P,FR,4.79,76,N,5000,5156,0,56,5000,362,,,C,0.065,36,200,,
T,4.1,20050908,USFWS,USFWS,7,501030905,15,,,,,1,4,2001,20020130,20020130,6FCSASAF LKRP,6FCSASAF LVNH,6FCSASAF,P,H,P,FR,4.89,76,N,5000,5496,0,30,5000,384,,,C,0.065,36,200,,
T,4.1,20050908,USFWS,USFWS,7,501030904,15,,,,,1,4,2001,20020130,20020130,6FCSASAF LKRP,6FCSASAF LVNH,6FCSASAF,P,H,P,FR,5.09,77,N,5000,5339,0,28,5000,253,,,C,0.045,36,200,,
T,4.1,20050908,USFWS,USFWS,7,501030903,15,,,,,1,4,2001,20020130,20020130,6FCSASAF LKRP,6FCSASAF LVNH,6FCSASAF,P,H,P,FR,4.98,77,N,5000,4917,,,5000,178,,,C,0.035,37,200,,
T,4.1,20050908,USFWS,USFWS,7,501030902,15,,,,,1,4,2001,20020130,20020130,6FCSASAF LKRP,6FCSASAF LVNH,6FCSASAF,P,H,P,FR,5.14,77,N,5000,4673,,,5000,325,,,C,0.065,37,200,,
T,4.1,20100205,USFWS,USFWS,7,501040103,15,,,,,1,4,2001,20020130,20020130,6FCSASAF LKRP,6FCSASAF LVNH,6FCSASAF,P,H,P,FR,3.68,69,N,5000,4677,,,5000,48,,,C,0.03,41,200,,
T,4.1,20140221,USFWS,USFWS,7,54604,12,,,,,1,4,2007,20080131,20080131,6FCSASAF LKRP,6FCSASAF LVNH,6FCSASAF LVNH,P,H,P,FR,6.2,88,N,5000,6929,,,5000,508,,,C,0.0675,32,800,,"Resubmited2.21.14Natural Family Group:15K,16H,16K,17I,17J"
T,4.1,20140221,USFWS,USFWS,7,54605,12,,,,,1,4,2007,20080131,20080131,6FCSASAF LKRP,6FCSASAF LVNH,6FCSASAF LVNH,P,H,P,FR,5.61,83,N,5000,6628,,,5000,269,,,C,0.0425,31,400,,"Resubmited2.21.14Natural Family Group:12G,12L,18P,18R"
T,4.1,20140221,USFWS,USFWS,7,54608,12,,,,,1,4,2007,20080131,20080131,6FCSASAF LKRP,6FCSASAF LVNH,6FCSASAF LVNH,P,H,P,FR,9.26,88,N,5000,8403,,,5000,408,,,C,0.05,26,600,,"Resubmited2.21.14Natural Family Group:1A, 1B,2A,2B,15J"
T,4.1,20140221,USFWS,USFWS,7,54609,12,,,,,1,4,2007,20080131,20080131,6FCSASAF LKRP,6FCSASAF LVNH,6FCSASAF LVNH,P,H,P,FR,7.44,91,N,5000,9186,,,5000,196,,,C,0.02,25,600,,"Resubmited2.21.14Natural Family Group:3C,3D,4C,4E,5E,5F"
T,4.1,20140221,USFWS,USFWS,7,54610,12,,,,,1,4,2007,20080131,20080131,6FCSASAF LKRP,6FCSASAF LVNH,6FCSASAF LVNH,P,H,P,FR,8.02,94,N,5000,7406,,,5000,388,,,C,0.0467,21,600,,"Resubmited2.21.14Natural Family Group:6H,6G,7D,7I,8D"
T,4.1,20151207,USFWS,USFWS,7,501030107,15,,,,,1,4,2000,20010201,20010201,6FCSASAF LKRP,6FCSASAF LVNH,6FCSASAF,P,H,P,FR,5.87,81,N,5000,8023,0,83,5000,124,0,41,C,0.02,29,200,,"FAMILY GROUP 1B,8I,8J,9G,9K,10B"
T,4.1,20141118,USFWS,USFWS,7,52778,12,,,,,1,4,2013,20140210,20140210,6FCSASAF LKRP,6FCSASAF LVNH,6FCSASAF LVNH,P,H,P,FR,12.9,103,N,5000,14741,0,30,5000,119,,,C,0.008,28,500,,Family Group: 10 groups (0 Rescue Fish groups)
T,4.1,20141118,USFWS,USFWS,7,54032,0,,,,,1,4,2013,20140210,20140210,6FCSASAF LKRP,6FCSASAF LVNH,6FCSASAF LVNH,P,H,P,FR,8.7,90,N,5000,12397,,,5000,305,,,C,0.024,28,500,,Family Group: 12 groups all from Rescue Fish
T,4.1,20141118,USFWS,USFWS,7,55065,12,,,,,1,4,2013,20140210,20140210,6FCSASAF LKRP,6FCSASAF LVNH,6FCSASAF LVNH,P,H,P,FR,9.2,91,N,5000,85676,,,5000,522,0,173,C,0.008,31,502,,Family Group: 46 groups (0 Rescue Fish groups)
T,4.1,20041207,USFWS,USFWS,7,51997,12,,,,,1,4,2003,20040205,20040205,6FCSASAF LKRP,6FCSASAF LVNH,6FCSASAF,,H,P,FR,,72,N,5000,18931,,,5000,485,,,C,0.025,24,200,,Family Group: BML 58-100
T,4.1,20041207,USFWS,USFWS,7,51973,12,,,,,1,4,2003,20040205,20040205,6FCSASAF LKRP,6FCSASAF LVNH,6FCSASAF,,H,P,FR,,88,N,5000,4658,,,,,,,C,0,42,200,,"Family Group: 15L, 17N, 18I"
T,4.1,20041207,USFWS,USFWS,7,51974,12,,,,,1,4,2003,20040205,20040205,6FCSASAF LKRP,6FCSASAF LVNH,6FCSASAF,,H,P,FR,,86,N,5000,4878,,,5000,25,,,C,0.005,39,200,,"Family Group: 16M, 19M, 20Q, 24M"
T,4.1,20041207,USFWS,USFWS,7,51977,12,,,,,1,4,2003,20040205,20040205,6FCSASAF LKRP,6FCSASAF LVNH,6FCSASAF,,H,P,FR,,87,N,5000,4393,,,5000,22,,,C,0.005,39,200,,"Family Group: 23Q, 28T"
T,4.1,20041207,USFWS,USFWS,7,51978,12,,,,,1,4,2003,20040205,20040205,6FCSASAF LKRP,6FCSASAF LVNH,6FCSASAF,,H,P,FR,,86,N,5000,4823,,,5000,24,,,C,0.005,38,200,,"Family Group: 26Q, 30W, 31W"
T,4.1,20041207,USFWS,USFWS,7,51979,12,,,,,1,4,2003,20040205,20040205,6FCSASAF LKRP,6FCSASAF LVNH,6FCSASAF,,H,P,FR,,84,N,5000,4410,,,,,,,C,0,38,200,,"Family Group: 23T, 28S"
T,4.1,20041207,USFWS,USFWS,7,51980,12,,,,,1,4,2003,20040205,20040205,6FCSASAF LKRP,6FCSASAF LVNH,6FCSASAF,,H,P,FR,,85,N,5000,4400,,,5000,22,,,C,0.005,38,200,,"Family Group: 26N, 32Z"
T,4.1,20041207,USFWS,USFWS,7,51981,12,,,,,1,4,2003,20040205,20040205,6FCSASAF LKRP,6FCSASAF LVNH,6FCSASAF,,H,P,FR,,82,N,5000,4930,,,5000,50,,,C,0.01,41,200,,"Family Group: 27S, 32Y"
T,4.1,20041207,USFWS,USFWS,7,51982,12,,,,,1,4,2003,20040205,20040205,6FCSASAF LKRP,6FCSASAF LVNH,6FCSASAF,,H,P,FR,,84,N,5000,4689,,,5000,47,,,C,0.01,40,200,,"Family Group: 29V, 33Y, 36AA"
T,4.1,20041207,USFWS,USFWS,7,51983,12,,,,,1,4,2003,20040205,20040205,6FCSASAF LKRP,6FCSASAF LVNH,6FCSASAF,,H,P,FR,,84,N,5000,4750,,,5000,72,,,C,0.015,40,200,,"Family Group: 27T, 33Z, 36CC"
T,4.1,20041207,USFWS,USFWS,7,51984,12,,,,,1,4,2003,20040205,20040205,6FCSASAF LKRP,6FCSASAF LVNH,6FCSASAF,,H,P,FR,,82,N,5000,4889,,,,,,,C,0,33,200,,"Family Group: 35AA, 37BB, 38Z"
T,4.1,20041207,USFWS,USFWS,7,51986,12,,,,,1,4,2003,20040205,20040205,6FCSASAF LKRP,6FCSASAF LVNH,6FCSASAF,,H,P,FR,,81,N,5000,4749,0,48,,,,,C,0,33,200,,"Family Group: 38BB, 40V"
T,4.1,20041207,USFWS,USFWS,7,51964,12,,,,,1,4,2003,20040205,20040205,6FCSASAF LKRP,6FCSASAF LVNH,6FCSASAF,,H,P,FR,,84,N,5000,3574,,,5000,18,,,C,0.005,31,200,,"Family Group: 42FF, 43GG"
T,4.1,20051109,USFWS,USFWS,7,51696,12,,,,,1,4,2004,20050203,20050203,6FCSASAF LKRP,6FCSASAF LVNH,6FCSASAF LVNH,P,H,E,FR,,82,N,5000,7156,0,24,5000,1223,,,C,0.1455,21,701,,"Family group:16R,15P,33GG,33EE;Nat female proposal study group(BML controlgroup)"
T,4.1,20051109,USFWS,USFWS,7,52476,12,,,,,1,4,2004,20050203,20050203,6FCSASAF LKRP,6FCSASAF LVNH,6FCSASAF LVNH,P,H,P,FR,,78,N,5000,11031,,,5000,2588,,,C,0.19,28,600,,"Family group:5C,5E,8H,9I,10H,11I, Males and/or females of hatchery origin"
T,4.1,20051109,USFWS,USFWS,7,52477,12,,,,,1,4,2004,20050203,20050203,6FCSASAF LKRP,6FCSASAF LVNH,6FCSASAF LVNH,P,H,E,FR,,71,N,5000,18418,0,232,5000,1226,,,C,0.0617,24,600,,"Family group:LSNFH 1-4,LSNFH 6-45, LSNFH captive broodstock"
T,4.1,20041207,USFWS,USFWS,7,51679,12,,,,,1,4,2003,20040205,20040205,6FCSASAF LKRP,6FCSASAF LVNH,6FCSASAF,,H,P,FR,,79,N,5000,5235,,,,,,,C,0,28,200,,"Family Group: 37CC, 42GG, 46CRYO F&G"
T,4.1,20041207,USFWS,USFWS,7,51966,12,,,,,1,4,2003,20040205,20040205,6FCSASAF LKRP,6FCSASAF LVNH,6FCSASAF,,H,P,FR,,88,N,5000,4251,,,5000,43,,,C,0.01,43,200,,"Family Group: 1B, 2B, 3B, 5F , 9C"
T,4.1,20041207,USFWS,USFWS,7,51988,12,,,,,1,4,2003,20040205,20040205,6FCSASAF LKRP,6FCSASAF LVNH,6FCSASAF,,H,P,FR,,85,N,5000,5180,,,5000,26,,,C,0.005,31,200,,"Family Group: 22R, 29U"
T,4.1,20041207,USFWS,USFWS,7,51994,12,,,,,1,4,2003,20040205,20040205,6FCSASAF LKRP,6FCSASAF LVNH,6FCSASAF,,H,P,FR,,81,N,5000,10969,,,5000,281,,,C,0.025,25,200,,Family Group: BML 36-56
T,4.1,20041207,USFWS,USFWS,7,51976,12,,,,,1,4,2003,20040205,20040205,6FCSASAF LKRP,6FCSASAF LVNH,6FCSASAF,,H,P,FR,,87,N,5000,4928,,,,,,,C,0,38,200,,"Family Group: 16L, 17O, 18N"
T,4.1,20041207,USFWS,USFWS,7,51987,12,,,,,1,4,2003,20040205,20040205,6FCSASAF LKRP,6FCSASAF LVNH,6FCSASAF,,H,P,FR,,90,N,5000,5051,,,5000,51,,,C,0.01,33,200,,"Family Group: 19P, 20P, 30U, 31X"
T,4.1,20041207,USFWS,USFWS,7,51968,12,,,,,1,4,2003,20040205,20040205,6FCSASAF LKRP,6FCSASAF LVNH,6FCSASAF,,H,P,FR,,86,N,5000,5438,,,5000,27,,,C,0.005,43,200,,"Family Group: 3C, 6D, 8I, 9D"
T,4.1,20041207,USFWS,USFWS,7,51971,12,,,,,1,4,2003,20040205,20040205,6FCSASAF LKRP,6FCSASAF LVNH,6FCSASAF,,H,P,FR,,84,N,5000,5105,,,5000,26,,,C,0.005,42,200,,"Family Group: 12J, 12K, 13H"
T,4.1,20041207,USFWS,USFWS,7,51985,12,,,,,1,4,2003,20040205,20040205,6FCSASAF LKRP,6FCSASAF LVNH,6FCSASAF,,H,P,FR,,76,N,5000,5293,,,,,,,C,0,33,200,,"Family Group: 35CC, 39W, 39Y, 43EE"
T,4.1,20100205,USFWS,USFWS,7,51683,12,,,,,1,4,2004,20050203,20050203,6FCSASAF LKRP,6FCSASAF LVNH,6FCSASAF LVNH,P,H,E,FR,,90,N,5000,6054,0,87,5000,2529,,,C,0.2917,38,600,,"Family group:6F,10K,9J,12J;Nat female proposal study group (BML control group)"
T,4.1,20100205,USFWS,USFWS,7,51684,12,,,,,1,4,2004,20050203,20050203,6FCSASAF LKRP,6FCSASAF LVNH,6FCSASAF LVNH,P,H,E,FR,,86,N,5000,7607,0,44,5000,1060,,,C,0.1217,37,600,,"Family group:13N,20M,14N,21T;Nat female proposal study group (BML control group)"
T,4.1,20051109,USFWS,USFWS,7,51685,12,,,,,1,4,2004,20050203,20050203,6FCSASAF LKRP,6FCSASAF LVNH,6FCSASAF LVNH,P,H,E,FR,,84,N,5000,7878,0,44,5000,913,,,C,0.1033,37,600,,"Family group:17K,19P,25Y,28BB;Nat female proposal study group(BML control group)"
T,4.1,20051109,USFWS,USFWS,7,51686,12,,,,,1,4,2004,20050203,20050203,6FCSASAF LKRP,6FCSASAF LVNH,6FCSASAF LVNH,P,H,E,FR,,82,N,5000,7408,,,5000,1359,,,C,0.155,36,600,,"Family group:19T,26W,35II,27Z,32FF;Nat female proposal study group(BML control)"
T,4.1,20051109,USFWS,USFWS,7,51687,12,,,,,1,4,2004,20050203,20050203,6FCSASAF LKRP,6FCSASAF LVNH,6FCSASAF LVNH,P,H,E,FR,,90,N,5000,7306,0,67,5000,2635,,,C,0.2633,36,600,,"Family group:1A,2A,12G,13M;Natural female proposal studygroup (BML controlgroup)"
T,4.1,20051109,USFWS,USFWS,7,51688,12,,,,,1,4,2004,20050203,20050203,6FCSASAF LKRP,6FCSASAF LVNH,6FCSASAF LVNH,P,H,P,FR,,85,N,5000,8117,0,30,5000,907,0,15,C,0.1017,35,600,,"Family group:1B,3B,6B,22U,21U;Natural females not in proposal study group"
T,4.1,20100205,USFWS,USFWS,7,51689,12,,,,,1,4,2004,20050203,20050203,6FCSASAF LKRP,6FCSASAF LVNH,6FCSASAF LVNH,P,H,P,FR,,85,N,5000,7197,0,85,5000,1223,0,28,C,0.1467,35,600,,"Family group:29CC,35HH,11L,16Q;Natural females not in proposal study group"
T,4.1,20100205,USFWS,USFWS,7,51690,12,,,,,1,4,2004,20050203,20050203,6FCSASAF LKRP,6FCSASAF LVNH,6FCSASAF LVNH,P,H,P,FR,,87,N,5000,7197,0,14,5000,1373,,,C,0.16,31,600,,"Family group:25X,26V,15O,17Q;Natural females not in proposal study group"
T,4.1,20051109,USFWS,USFWS,7,51691,12,,,,,1,4,2004,20050203,20050203,6FCSASAF LKRP,6FCSASAF LVNH,6FCSASAF LVNH,P,H,P,FR,,86,N,5000,8177,0,15,5000,828,0,15,C,0.0933,31,600,,"Family group:32DD,29BB,2C,2E;Natural females not in proposal study group"
T,4.1,20051109,USFWS,USFWS,7,51692,12,,,,,1,4,2004,20050203,20050203,6FCSASAF LKRP,6FCSASAF LVNH,6FCSASAF LVNH,P,H,P,FR,,80,N,5000,8094,0,105,5000,794,,,C,0.0883,30,600,,"Family group:31Z,31EE,23W,24S;Males and/or females of hatchery origin"
T,4.1,20051109,USFWS,USFWS,7,51693,12,,,,,1,4,2004,20050203,20050203,6FCSASAF LKRP,6FCSASAF LVNH,6FCSASAF LVNH,P,H,P,FR,,81,N,5000,8136,0,58,5000,570,,,C,0.065,30,600,,"Family group:20O,22V,30AA,30DD;Natural females not in proposal study group"
T,4.1,20100205,USFWS,USFWS,7,51695,12,,,,,1,4,2004,20050203,20050203,6FCSASAF LKRP,6FCSASAF LVNH,6FCSASAF LVNH,P,H,P,FR,,79,N,5000,7804,0,15,5000,1434,,,C,0.155,29,600,,"Family group:23R,24X,37II,37JJ;Males and/or females of hatchery origin"
T,4.1,20070131,USFWS,USFWS,7,52774,12,,,,,1,4,2005,20060202,20060202,6FCSASAF LKRP,6FCSASAF LVNH,6FCSASAF LVNH,P,H,P,FR,7.82,89,N,5000,8886,,,5000,135,,,C,0.015,37,200,,"Family Group: 34HH, 33GG, 32FF, 37DD"
T,4.1,20070131,USFWS,USFWS,7,52775,12,,,,,1,4,2005,20060202,20060202,6FCSASAF LKRP,6FCSASAF LVNH,6FCSASAF LVNH,P,H,P,FR,7.82,83,N,5000,9740,,,5000,200,0,50,C,0.025,37,200,,"Family Group: 31EE, 36II, 37JJ, 40JJ"
T,4.1,20070131,USFWS,USFWS,7,52776,12,,,,,1,4,2005,20060202,20060202,6FCSASAF LKRP,6FCSASAF LVNH,6FCSASAF LVNH,P,H,P,FR,7.82,87,N,5000,8152,,,5000,124,,,C,0.015,36,200,,"Family Group: 38BB, 39LL, 44MM, 44NN, 45FF, 46LL, 32Y, 40FF, 45GG"
T,4.1,20070131,USFWS,USFWS,7,52777,12,,,,,1,4,2005,20060202,20060202,6FCSASAF LKRP,6FCSASAF LVNH,6FCSASAF LVNH,P,H,P,FR,7.82,84,N,5000,8041,,,5000,206,,,C,0.025,35,200,,"Family Group: 39KK, 41GG, 46KK, 48QQ, 47QQ, 50JJ"
T,4.1,20070131,USFWS,USFWS,7,53073,12,,,,,1,4,2005,20060202,20060202,6FCSASAF LKRP,6FCSASAF LVNH,6FCSASAF LVNH,P,H,E,FR,4.82,73,N,5000,12614,,,5000,457,,,C,0.035,22,200,,"Family Group: LSNFH 1-36, 39-46"
T,4.1,20070131,USFWS,USFWS,7,53074,12,,,,,1,4,2005,20060202,20060202,6FCSASAF LKRP,6FCSASAF LVNH,6FCSASAF LVNH,P,H,P,FR,7.82,86,N,5000,14633,,,5000,934,,,C,0.06,23,200,,"Family Group: 2D, 4R, 7C, 7I, 8J, 9J, 10I, 11L,12H, 13N, 14Q, 15T, 18Q, 21W, 23W"
T,4.1,20070131,USFWS,USFWS,7,52478,12,,,,,1,4,2005,20060202,20060202,6FCSASAF LKRP,6FCSASAF LVNH,6FCSASAF LVNH,P,H,P,FR,7.82,86,N,5000,9333,,,5000,239,,,C,0.025,35,200,,"Family Group: 29BB, 29CC, 30Y, 34CC"
T,4.1,20070131,USFWS,USFWS,7,52479,12,,,,,1,4,2005,20060202,20060202,6FCSASAF LKRP,6FCSASAF LVNH,6FCSASAF LVNH,P,H,B,FR,7.82,84,N,5000,9205,,,5000,434,,,C,0.045,34,200,,"Family Group: 26V, 27AA, 28U, 11K, 12M, 13O, 16L, 16O, 17N (LSNFH control)"
T,4.1,20070131,USFWS,USFWS,7,52480,12,,,,,1,4,2005,20060202,20060202,6FCSASAF LKRP,6FCSASAF LVNH,6FCSASAF LVNH,P,H,B,FR,7.82,85,N,5000,8798,,,5000,924,,,C,0.095,30,200,,"Family Group: 6B, 9G, 14P, 18M, 47OO, 49KK (LSNFH control)"
T,4.1,20070131,USFWS,USFWS,7,52481,12,,,,,1,4,2005,20060202,20060202,6FCSASAF LKRP,6FCSASAF LVNH,6FCSASAF LVNH,P,H,B,FR,7.82,89,N,5000,8466,,,5000,1321,,,C,0.135,30,200,,"Family Group: 24M, 24N, 30DD, 5G, 6H, 17P (LSNFH control)"
T,4.1,20070131,USFWS,USFWS,7,52482,12,,,,,1,4,2005,20060202,20060202,6FCSASAF LKRP,6FCSASAF LVNH,6FCSASAF LVNH,P,H,B,FR,7.82,86,N,5000,9189,,,5000,799,,,C,0.08,29,200,,"Family Group: 22U, 22X, 3E, 5F (LSNFH control)"
T,4.1,20070131,USFWS,USFWS,7,52483,12,,,,,1,4,2005,20060202,20060202,6FCSASAF LKRP,6FCSASAF LVNH,6FCSASAF LVNH,P,H,B,FR,7.82,87,N,5000,8154,,,5000,1060,,,C,0.115,29,200,,"Family Group: 41EE, 38AA, 8H, 10G (LSNFH control)"
T,4.1,20070131,USFWS,USFWS,7,52484,12,,,,,1,4,2005,20060202,20060202,6FCSASAF LKRP,6FCSASAF LVNH,6FCSASAF LVNH,P,H,B,FR,7.82,84,N,5000,9212,,,5000,536,,,C,0.055,28,200,,"Family Group: 20K, 20U, 27Z, 23Y, 26AA (LSNFH control)"
T,4.1,20100205,USFWS,USFWS,7,52485,12,,,,,1,4,2005,20060202,20060202,6FCSASAF LKRP,6FCSASAF LVNH,6FCSASAF LVNH,P,H,B,FR,7.82,87,N,5000,9028,,,5000,789,0,49,C,0.085,29,200,,"Family Group: 19O, 19L, 21V, 33Y, 36X (LSNFH control)"
T,4.1,20070131,USFWS,USFWS,7,52486,12,,,,,1,4,2005,20060202,20060202,6FCSASAF LKRP,6FCSASAF LVNH,6FCSASAF LVNH,P,H,B,FR,7.82,84,N,5000,2192,,,5000,372,,,C,0.145,28,200,,Family Group: 50EE (LSNFH control)
T,4.1,20100205,USFWS,USFWS,7,53867,12,,,,,1,4,2006,20070208,20070208,6FCSASAF LKRP,6FCSASAF LVNH,6FCSASAF LVNH,P,H,P,FR,9.1,84,N,5000,424,,,5000,4,,,C,0.01,18,200,,Natural Family Group: 24 different crosses
T,4.1,20140221,USFWS,USFWS,7,51698,12,,,,,1,4,2006,20070208,20070208,6FCSASAF LKRP,6FCSASAF LVNH,6FCSASAF LVNH,P,H,P,FR,13.79,103,N,5000,8413,0,45,5000,588,,,C,0.065,20,200,,"Resub2.21.14HatGrp: 1A,1B,2C,2D;Fem1&2 areof hat origin(no control)"
T,4.1,20081031,USFWS,USFWS,7,53473,12,,,,,1,4,2006,20070208,20070208,6FCSASAF LKRP,6FCSASAF LVNH,6FCSASAF LVNH,P,H,P,FR,11.42,99,N,5000,10404,,,5000,548,,,C,0.05,20,200,,"Natural Family Group: 6C, 7H, 8H, 8I"
T,4.1,20081031,USFWS,USFWS,7,52490,12,,,,,1,4,2006,20070208,20070208,6FCSASAF LKRP,6FCSASAF LVNH,6FCSASAF LVNH,P,H,P,FR,8.21,91,N,5000,7367,,,5000,1728,,,C,0.19,26,200,,"Natural Family Group: 38CC, 39Y, 35U"
T,4.1,20081031,USFWS,USFWS,7,51697,12,,,,,1,4,2006,20070208,20070208,6FCSASAF LKRP,6FCSASAF LVNH,6FCSASAF LVNH,P,H,P,FR,7.8,88,N,5000,8471,0,45,5000,448,,,C,0.05,18,200,,"Natural Group: 29V, 30W, 30X, 31Q, 32T, 32X, 26M, 27S, 27T, 28O, 29U, 50II, 49II"
T,4.1,20081031,USFWS,USFWS,7,52368,12,,,,,1,4,2006,20070208,20070208,6FCSASAF LKRP,6FCSASAF LVNH,6FCSASAF LVNH,P,H,B,FR,6.67,83,N,5000,32621,0,702,5000,1578,0,175,C,0.05,19,400,,"Captive (LSNFH) Grp: captive F L1 - L60 crossed natural M II, JJ, and cryo sperm"
T,4.1,20081031,USFWS,USFWS,7,52491,12,,,,,1,4,2006,20070208,20070208,6FCSASAF LKRP,6FCSASAF LVNH,6FCSASAF LVNH,P,H,P,FR,8.8,91,N,5000,7925,0,91,5000,996,0,45,C,0.115,26,200,,"Natural Family Group: 40DD, 42DD, 43AA, 43EE, 41BB"
T,4.1,20081031,USFWS,USFWS,7,52492,12,,,,,1,4,2006,20070208,20070208,6FCSASAF LKRP,6FCSASAF LVNH,6FCSASAF LVNH,P,H,P,FR,8.08,90,N,5000,8875,,,5000,720,,,C,0.075,25,200,,"Natural Family Group: 47GG, 47EE, 44FF, 46GG"
T,4.1,20081031,USFWS,USFWS,7,52493,12,,,,,1,4,2006,20070208,20070208,6FCSASAF LKRP,6FCSASAF LVNH,6FCSASAF LVNH,P,H,P,FR,9.44,92,N,5000,8068,,,5000,252,0,84,C,0.04,25,200,,"Natural Family Group: 44GG, 48FF, 46FF, 45HH"
T,4.1,20081031,USFWS,USFWS,7,53399,12,,,,,1,4,2006,20070208,20070208,6FCSASAF LKRP,6FCSASAF LVNH,6FCSASAF LVNH,P,H,P,FR,8.24,88,N,5000,8320,0,99,5000,1436,0,50,C,0.15,27,200,,"Natural Family Group: 34V,38Z,33V,33W,34W,39CC"
T,4.1,20100205,USFWS,USFWS,7,53466,12,,,,,1,4,2006,20070208,20070208,6FCSASAF LKRP,6FCSASAF LVNH,6FCSASAF LVNH,P,H,P,FR,10.33,96,N,5000,8512,0,137,5000,503,,,C,0.055,33,200,,"Natural Family Group: 5E, 5F, 7I, 6G,"
T,4.1,20081031,USFWS,USFWS,7,53468,12,,,,,1,4,2006,20070208,20070208,6FCSASAF LKRP,6FCSASAF LVNH,6FCSASAF LVNH,P,H,P,FR,9.17,94,N,5000,9160,,,5000,851,,,C,0.085,32,200,,"Natural Family Group: 9G, 11B, 15J, 16C, 18L, 18M, 9D, 10F"
T,4.1,20081031,USFWS,USFWS,7,53471,12,,,,,1,4,2006,20070208,20070208,6FCSASAF LKRP,6FCSASAF LVNH,6FCSASAF LVNH,P,H,P,FR,8.22,91,N,5000,8346,,,5000,1247,,,C,0.13,28,200,,"Natural Family Group: 21P, 21Q, 22R, 22S, 23R, 23S, 24Q, 20P, 24L, 25R"
T,4.1,20081031,USFWS,USFWS,7,53472,12,,,,,1,4,2006,20070208,20070208,6FCSASAF LKRP,6FCSASAF LVNH,6FCSASAF LVNH,P,H,P,FR,9.66,93,N,5000,9704,,,5000,249,,,C,0.025,27,200,,"Natural Family Group: 37AA, 37BB, 19N, 28N, 19O, 25P"
T,4.1,20140604,USFWS,USFWS,7,53464,12,,,,,1,4,2008,20090129,20090129,6FCSASAF LKRP,6FCSASAF LVNH,6FCSASAF LVNH,P,H,P,FR,7.32,89,N,5000,8885,,,5000,245,,,C,0.025,41,400,,"28U, 31DD, 32FF, 22U, 29Z RESUB 6.4.14"
T,4.1,20140604,USFWS,USFWS,7,53465,12,,,,,1,4,2008,20090129,20090129,6FCSASAF LKRP,6FCSASAF LVNH,6FCSASAF LVNH,P,H,P,FR,7.53,88,N,5000,7408,,,5000,429,,,C,0.0525,39,400,,"32EE, 32BB, 34AA, 46SS, 46RR 6.4.14"
T,4.1,20140604,USFWS,USFWS,7,53474,12,,,,,1,4,2008,20090129,20090129,6FCSASAF LKRP,6FCSASAF LVNH,6FCSASAF LVNH,P,H,P,FR,7.3,88,N,5000,10017,,,5000,714,,,C,0.0675,22,400,,"11L, 15L, 16O, 26O, 26W RESUB 6.4.14"
T,4.1,20140604,USFWS,USFWS,7,54024,12,,,,,1,4,2008,20090129,20090129,6FCSASAF LKRP,6FCSASAF LVNH,6FCSASAF LVNH,P,H,P,FR,7.1,89,N,5000,13321,,,5000,209,,,C,0.015,35,600,,"34GG, 35DD, 37II, 39JJ, 39GG, 40LL, 18Q, 19M, 19Q, 23S RESUB 6.4.14"
T,4.1,20140616,USFWS,USFWS,7,54025,12,,,,,1,4,2008,20090129,20090129,6FCSASAF LKRP,6FCSASAF LVNH,6FCSASAF LVNH,P,H,P,FR,7.09,88,N,5000,12334,,,5000,552,,,C,0.04,29,600,,"35CC, 40MM, 47SS, 48QQ RESUB 6.4.14 and 6.16.14"
T,4.1,20140604,USFWS,USFWS,7,54026,12,,,,,1,4,2008,20090129,20090129,6FCSASAF LKRP,6FCSASAF LVNH,6FCSASAF LVNH,P,H,P,FR,8.04,91,N,5000,12779,,,5000,1530,,,C,0.1067,29,600,,"12M, 13M 14B, 15A, 20P, 20R, 21R, 21S, 23V, 24X, 25P, 25W RESUB 6.4.14"
T,4.1,20140604,USFWS,USFWS,7,54028,12,,,,,1,4,2008,20090129,20090129,6FCSASAF LKRP,6FCSASAF LVNH,6FCSASAF LVNH,P,H,P,FR,7.43,90,N,5000,12671,,,5000,1327,,,C,0.09,39,600,,"29AA, 30BB, 30CC, 36HH, 41OO, 42NN, 42OO, 43LL, 45PP, 8I, 10I, 10J RESUB 6.4.14"
T,4.1,20140604,USFWS,USFWS,7,54029,12,,,,,1,4,2008,20090129,20090129,6FCSASAF LKRP,6FCSASAF LVNH,6FCSASAF LVNH,P,H,P,FR,9.47,94,N,5000,13342,,,5000,390,,,C,0.0313,40,800,,"31EE, 33Z, 38KK, 44A, 44PP, 48KK, 1D, 2D RESUB 6.4.14"
T,4.1,20140604,USFWS,USFWS,7,54167,12,,,,,1,4,2008,20090129,20090129,6FCSASAF LKRP,6FCSASAF LVNH,6FCSASAF LVNH,P,H,P,FR,7.87,92,N,5000,8493,,,5000,521,,,C,0.055,39,400,,"38JJ, 41NN, 9I,11K RESUB 6.4.14"
T,4.1,20140604,USFWS,USFWS,7,54171,12,,,,,1,4,2008,20090129,20090129,6FCSASAF LKRP,6FCSASAF LVNH,6FCSASAF LVNH,P,H,P,FR,8.84,95,N,5000,6124,0,24,5000,2600,,,C,0.2825,27,400,,"13N, 14O, 27X, 24Y RESUB 6.4.14"
T,4.1,20140604,USFWS,USFWS,7,54172,12,,,,,1,4,2008,20090129,20090129,6FCSASAF LKRP,6FCSASAF LVNH,6FCSASAF LVNH,P,H,P,FR,8.17,90,N,5000,8083,,,5000,1785,,,C,0.1825,27,400,,"8H, 9J, 12N, 16P, 17K, 17N, 18L RESUB 6.4.14"
T,4.1,20110216,USFWS,USFWS,7,54173,12,,,,,1,4,2008,20090129,20090129,6FCSASAF LKRP,6FCSASAF LVNH,6FCSASAF LVNH,P,H,P,FR,8.46,94,N,5000,9403,,,5000,1343,,,C,0.125,21,200,,"1C,2C, 3C, 6G, 7G, 7H"
T,4.1,20110216,USFWS,USFWS,7,54174,12,,,,,1,4,2008,20090129,20090129,6FCSASAF LKRP,6FCSASAF LVNH,6FCSASAF LVNH,P,H,P,FR,8.61,90,N,5000,10660,,,5000,1022,,,C,0.0875,20,400,,"3E, 4E, 4F, 5E, 5F, 6F"
T,4.1,20140221,USFWS,USFWS,7,54086,12,,,,,1,4,2009,20100211,20100211,6FCSASAF LKRP,6FCSASAF LVNH,6FCSASAF LVNH,P,H,P,FR,8.27,88,N,5000,9753,,,5000,627,,,C,0.06,21,400,,"Resubmited2.21.14Family Group: 38GG,38II,41FF,34DD,35BB"
T,4.1,20140221,USFWS,USFWS,7,54087,12,,,,,1,4,2009,20100211,20100211,6FCSASAF LKRP,6FCSASAF LVNH,6FCSASAF LVNH,P,H,P,FR,8.27,88,N,5000,9940,,,5000,372,,,C,0.035,48,400,,"Resubmited2.21.14Family Group: 35EE,36EE,36FF,37HH"
T,4.1,20140221,USFWS,USFWS,7,54088,12,,,,,1,4,2009,20100211,20100211,6FCSASAF LKRP,6FCSASAF LVNH,6FCSASAF LVNH,P,H,P,FR,7.71,87,N,5000,10104,0,135,5000,351,,,C,0.0325,48,400,,"Resubmited2.21.14Family Group: 37GG,39GG,41JJ,40II,42JJ,50PP,50QQ,52SS"
T,4.1,20140221,USFWS,USFWS,7,54164,12,,,,,1,4,2009,20100211,20100211,6FCSASAF LKRP,6FCSASAF LVNH,6FCSASAF LVNH,P,H,P,FR,9.02,92,N,5000,9294,0,76,5000,637,,,C,0.065,36,400,,"Resubmited2.21.14Family Group: 14G,14L,14M,16O,17N,18B,18P,21L,30AA,31Z"
T,4.1,20140221,USFWS,USFWS,7,54165,12,,,,,1,4,2009,20100211,20100211,6FCSASAF LKRP,6FCSASAF LVNH,6FCSASAF LVNH,P,H,P,FR,9.33,92,N,5000,9977,,,5000,242,,,C,0.0275,31,400,,"Resubmited2.21.14Family Group: 22T,20R,22U,21S,20S"
T,4.1,20140221,USFWS,USFWS,7,54170,12,,,,,1,4,2009,20100211,20100211,6FCSASAF LKRP,6FCSASAF LVNH,6FCSASAF LVNH,P,H,P,FR,16.39,108,N,5000,9655,,,5000,49,,,C,0.005,22,200,,"Resubmited2.21.14Family Group: 1A, 1B, 2A, 2C, 5E, 5F, 6C, 6G, 3C, 3D, 4D"
T,4.1,20140221,USFWS,USFWS,7,54977,12,,,,,1,4,2009,20100211,20100211,6FCSASAF LKRP,6FCSASAF LVNH,6FCSASAF LVNH,P,H,P,FR,7.02,84,N,5000,10951,0,142,5000,142,,,C,0.0125,43,400,,"Resubmited2.21.14Family Group: 39II, 40FF, 49PP, 42KK, 43JJ, 46KK"
T,4.1,20140221,USFWS,USFWS,7,54978,12,,,,,1,4,2009,20100211,20100211,6FCSASAF LKRP,6FCSASAF LVNH,6FCSASAF LVNH,P,H,P,FR,7,84,N,5000,9903,0,138,5000,830,,,C,0.075,43,400,,"Resubmited2.21.14Family Group: 46MM, 49NN, 53SS, 45LL, 47LL"
T,4.1,20140221,USFWS,USFWS,7,54979,12,,,,,1,4,2009,20100211,20100211,6FCSASAF LKRP,6FCSASAF LVNH,6FCSASAF LVNH,P,H,P,FR,7.24,85,N,5000,10835,,,5000,255,,,C,0.0225,44,400,,"Resubmited2.21.14Family Group: 43KK, 44HH, 53OO, 44LL, 45HH"
T,4.1,20140221,USFWS,USFWS,7,54981,12,,,,,1,4,2009,20100211,20100211,6FCSASAF LKRP,6FCSASAF LVNH,6FCSASAF LVNH,P,H,P,FR,6.81,84,N,5000,10687,0,110,5000,110,0,27,C,0.0125,38,400,,"Resub2.21.14Famy Grp:54UU,55VV,55WW,57VV,56XX,57XX,58TT, 58UU, 59ZZ"
T,4.1,20140221,USFWS,USFWS,7,54982,12,,,,,1,4,2009,20100211,20100211,6FCSASAF LKRP,6FCSASAF LVNH,6FCSASAF LVNH,P,H,P,FR,7.74,88,N,5000,10530,0,88,5000,499,,,C,0.0425,37,400,,"Resubmited2.21.14Family Group: 61YY, 61BBB, 62AAA, 11K, 11I, 15N, 15O"
T,4.1,20140221,USFWS,USFWS,7,54983,12,,,,,1,4,2009,20100211,20100211,6FCSASAF LKRP,6FCSASAF LVNH,6FCSASAF LVNH,P,H,P,FR,6.63,83,N,5000,10223,0,29,5000,775,,,C,0.0675,35,400,,"Resub2.21.14Family Group: 59YY, 60AAA, 60BBB, 62ZZZ, 51RR, 54TT, 56WW"
T,4.1,20140221,USFWS,USFWS,7,54166,12,,,,,1,4,2009,20100210,20100210,6FCSASAF LKRP,6FCSASAF LVNH,6FCSASAF LVNH,P,H,P,FR,9.33,92,N,5000,8854,,,5000,1022,,,C,0.1075,30,400,,"Resubmited2.21.14Family Group: 25V,26W,26X,24Q,24T,25U"
T,4.1,20140221,USFWS,USFWS,7,54168,12,,,,,1,4,2009,20100210,20100210,6FCSASAF LKRP,6FCSASAF LVNH,6FCSASAF LVNH,P,H,P,FR,9.33,88,N,5000,9151,,,5000,1192,0,53,C,0.12,27,400,,"Resubmited2.21.14Family Group: 27W, 27P, 28B, 28Y, 30Z, 31BB, 29Y"
T,4.1,20140221,USFWS,USFWS,7,54169,12,,,,,1,4,2009,20100210,20100210,6FCSASAF LKRP,6FCSASAF LVNH,6FCSASAF LVNH,P,H,P,FR,9.33,90,N,5000,8686,,,5000,1560,,,C,0.1525,24,400,,"Resubmited2.21.14Family Group: 29W, 33AA, 33DD, 34BB, 32AA, 32CC"
T,4.1,20140221,USFWS,USFWS,7,54980,12,,,,,1,4,2009,20100210,20100211,6FCSASAF LKRP,6FCSASAF LVNH,6FCSASAF LVNH,P,H,P,FR,7.24,84,N,5000,10595,0,57,5000,284,,,C,0.0225,43,400,,"Resubmited2.21.14Family Group: 47MM, 48OO, 52RR, 48NN, 51QQ"
T,4.1,20140221,USFWS,USFWS,7,54985,12,,,,,1,4,2009,20100210,20100210,6FCSASAF LKRP,6FCSASAF LVNH,6FCSASAF LVNH,P,H,P,FR,6.63,97,N,5000,10595,,,5000,3076,,,C,0.225,22,200,,"Resubmited2.21.14Family Group: 13G, 13L, 12J, 12K, 16N, 17O, 19Q, 19R"
T,4.1,20140221,USFWS,USFWS,7,54988,12,,,,,1,4,2009,20100210,20100210,6FCSASAF LKRP,6FCSASAF LVNH,6FCSASAF LVNH,P,H,P,FR,6.63,95,N,5000,13786,,,5000,2060,,,C,0.13,23,200,,"Resubmited2.21.14Family Group: 7F, 7G, 8F, 8I, 9D, 9J, 10B, 10H"
T,4.1,20140221,USFWS,USFWS,7,53713,12,,,,,1,4,2009,20100210,20100210,6FCSASAF LKRP,6FCSASAF LVNH,6FCSASAF LVNH,P,H,P,FR,8.27,89,N,5000,125,,,,,,,C,0,21,125,,"Resubmited2.21.14Family Group: 28Y, 30Z, 31BB, 29Y"
T,4.1,20140221,USFWS,USFWS,7,53659,12,,,,,1,4,2010,20110203,20110203,6FCSASAF LKRP,6FCSASAF LVNH,6FCSASAF LVNH,P,H,P,FR,12,101,N,5000,4469,,,5000,148,,,C,0.0325,45,400,,"Resub2.21.14Fam Grp:1OCR97,1QCR97, 2A, 2B; hve been weighted by RW&retent"
T,4.1,20140221,USFWS,USFWS,7,54089,12,,,,,1,4,2010,20110203,20110203,6FCSASAF LKRP,6FCSASAF LVNH,6FCSASAF LVNH,P,H,P,FR,10,96,N,5000,9297,0,23,5000,326,,,C,0.0325,53,400,,"Resub2.21.14FamGrp:8G, 12K,8H, 15O;have been weighted by RW&retentions"
T,4.1,20140221,USFWS,USFWS,7,54090,12,,,,,1,4,2010,20110203,20110203,6FCSASAF LKRP,6FCSASAF LVNH,6FCSASAF LVNH,P,H,P,FR,9,94,N,5000,6751,0,22,5000,1867,,,C,0.215,56,400,,"Resub2.21.14Famy Grp: 3C, 5G,4A, 4B; have been weighted by RW &retent"
T,4.1,20140221,USFWS,USFWS,7,54092,12,,,,,1,4,2010,20110203,20110203,6FCSASAF LKRP,6FCSASAF LVNH,6FCSASAF LVNH,P,H,P,FR,8,92,N,5000,9323,0,50,5000,672,,,C,0.0675,54,400,,"Resub2.21.14FamyGrp:7E,10F,7F,9G; hav beenweighted byRW&retent"
T,4.1,20140221,USFWS,USFWS,7,54093,12,,,,,1,4,2010,20110203,20110203,6FCSASAF LKRP,6FCSASAF LVNH,6FCSASAF LVNH,P,H,P,FR,9,90,N,5000,8629,0,24,5000,444,,,C,0.05,48,400,,"Resub2.21.14FamGrp:21V,22W,23W,23X;hvebeenweighted by RW&retent"
T,4.1,20140221,USFWS,USFWS,7,54094,12,,,,,1,4,2010,20110203,20110203,6FCSASAF LKRP,6FCSASAF LVNH,6FCSASAF LVNH,P,H,P,FR,8,89,N,5000,8562,0,68,5000,526,,,C,0.0575,53,400,,"Resub2.21.14Fam Grp:9I,15N,11H,15M;hvebeenweightedbyRW&retent"
T,4.1,20140221,USFWS,USFWS,7,54095,12,,,,,1,4,2010,20110203,20110203,6FCSASAF LKRP,6FCSASAF LVNH,6FCSASAF LVNH,P,H,P,FR,8,90,N,5000,8085,,,5000,715,,,C,0.08,49,400,,"Resub2.21.14Fam Grp:14N,17R,16L,17S;hve beenweightedbyRW&retent"
T,4.1,20140221,USFWS,USFWS,7,54096,12,,,,,1,4,2010,20110203,20110203,6FCSASAF LKRP,6FCSASAF LVNH,6FCSASAF LVNH,P,H,P,FR,9,92,N,5000,8570,0,44,5000,131,,,C,0.015,49,400,,"Resub2.21.14FamGrp:18O,18Q,16Q,20U; hvbeenweighted byRW &retent"
T,4.1,20140221,USFWS,USFWS,7,54097,12,,,,,1,4,2010,20110203,20110203,6FCSASAF LKRP,6FCSASAF LVNH,6FCSASAF LVNH,P,H,P,FR,9,91,N,5000,7739,0,39,5000,488,,,C,0.06,48,400,,"Resub2.21.14FamGrp:20T,21U,19R,22V;hvebeenweighted by RW&retent"
T,4.1,20140221,USFWS,USFWS,7,54098,12,,,,,1,4,2010,20110203,20110203,6FCSASAF LKRP,6FCSASAF LVNH,6FCSASAF LVNH,P,H,P,FR,8,89,N,5000,8483,0,20,5000,495,,,C,0.055,47,400,,"Resub2.21.14FamGrp:24Y,25AA,24Z,27BB;hvebeenweightedbyRW&retent"
T,4.1,20140221,USFWS,USFWS,7,54099,12,,,,,1,4,2010,20110203,20110203,6FCSASAF LKRP,6FCSASAF LVNH,6FCSASAF LVNH,P,H,P,FR,8,88,N,5000,8641,0,67,5000,437,0,24,C,0.05,46,400,,"Resub2.21.14FamGrp:25BB,26Z,26Y,27AA;hvebeen weighted by RW&retent"
T,4.1,20140221,USFWS,USFWS,7,55271,12,,,,,1,4,2010,20110203,20110203,6FCSASAF LKRP,6FCSASAF LVNH,6FCSASAF LVNH,P,H,P,FR,7,87,N,5000,8291,0,24,5000,1402,,,C,0.145,52,400,,"Resub2.21.14FamyGrp:11J,12J,13M,19T;hvebeenweightedbyRW&retent"
T,4.1,20140221,USFWS,USFWS,7,55272,12,,,,,1,4,2010,20110203,20110203,6FCSASAF LKRP,6FCSASAF LVNH,6FCSASAF LVNH,P,H,P,FR,7,86,N,5000,8975,0,25,5000,721,,,C,0.0725,49,400,,"Resub2.21.14FamiGrp:13L,19S,14K,16P;hvebeenweightedbyRW&retent"
T,4.1,20130320,USFWS,USFWS,7,55282,12,,,,,1,4,2011,20120202,20120202,6FCSASAF LKRP,6FCSASAF LVNH,6FCSASAF LVNH,P,H,P,FR,4,88,N,5000,10105,0,56,5000,461,,,C,0.0434,53,200,,"Family Group: 18H, 22O, 19M, 24P"
T,4.1,20130320,USFWS,USFWS,7,55273,12,,,,,1,4,2011,20120202,20120202,6FCSASAF LKRP,6FCSASAF LVNH,6FCSASAF LVNH,P,H,P,FR,3.1,80,N,5000,9693,0,47,5000,193,,,C,0.0194,31,200,,"Family Group: 44DD, 45EE, 23P, 25O, 27R"
T,4.1,20130320,USFWS,USFWS,7,55462,12,,,,,1,4,2011,20120202,20120202,6FCSASAF LKRP,6FCSASAF LVNH,6FCSASAF LVNH,P,H,P,FR,5.1,92,N,5000,9631,,,5000,197,,,C,0.02,56,200,,"Family Group: 11G, 14J, 11H, 14K"
T,4.1,20130320,USFWS,USFWS,7,53475,12,,,,,1,4,2011,20120202,20120202,6FCSASAF LKRP,6FCSASAF LVNH,6FCSASAF LVNH,P,H,P,FR,2.4,79,N,5000,10197,0,54,5000,426,,,C,0.04,32,200,,"Family Group: 42GG, 43CC, 43FF, 40CC, 41EE, 42FF"
T,4.1,20130320,USFWS,USFWS,7,55274,12,,,,,1,4,2011,20120202,20120202,6FCSASAF LKRP,6FCSASAF LVNH,6FCSASAF LVNH,P,H,P,FR,3.8,86,N,5000,9644,0,103,5000,622,,,C,0.06,48,200,,"Family Group: 19L, 26R, 25Q, 27S, 28R"
T,4.1,20130320,USFWS,USFWS,7,55275,12,,,,,1,4,2011,20120202,20120202,6FCSASAF LKRP,6FCSASAF LVNH,6FCSASAF LVNH,P,H,P,FR,3.4,85,N,5000,9557,0,51,5000,196,,,C,0.02,46,200,,"Family Group: 30U, 31V, 32W, 31U, 38AA"
T,4.1,20130320,USFWS,USFWS,7,55276,12,,,,,1,4,2011,20120202,20120202,6FCSASAF LKRP,6FCSASAF LVNH,6FCSASAF LVNH,P,H,P,FR,3.8,86,N,5000,9692,0,103,5000,408,,,C,0.0399,47,200,,"Family Group: 26P, 29S, 28S, 29T, 30T"
T,4.1,20130320,USFWS,USFWS,7,55277,12,,,,,1,4,2011,20120202,20120202,6FCSASAF LKRP,6FCSASAF LVNH,6FCSASAF LVNH,P,H,P,FR,4.9,92,N,5000,9498,,,5000,443,0,49,C,0.0492,55,200,,"Family Group: 12H, 13I, 13J, 12I, 15K"
T,4.1,20130320,USFWS,USFWS,7,55278,12,,,,,1,4,2011,20120202,20120202,6FCSASAF LKRP,6FCSASAF LVNH,6FCSASAF LVNH,P,H,P,FR,4.7,93,N,5000,9502,0,52,5000,451,,,C,0.0452,55,200,,"Family Group: 16L, 17K, 16M, 17I"
T,4.1,20130320,USFWS,USFWS,7,55279,12,,,,,1,4,2011,20120202,20120202,6FCSASAF LKRP,6FCSASAF LVNH,6FCSASAF LVNH,P,H,P,FR,4,89,N,5000,9720,,,5000,457,,,C,0.0448,54,200,,"Family Group: 10F, 18J, 10G, 15L, 21N"
T,4.1,20130320,USFWS,USFWS,7,55280,12,,,,,1,4,2011,20120202,20120202,6FCSASAF LKRP,6FCSASAF LVNH,6FCSASAF LVNH,P,H,P,FR,3.6,84,N,5000,10313,,,,,,,C,0,34,200,,"Family Group: 32V, 33W, 33X, 34X, 36Y"
T,4.1,20130320,USFWS,USFWS,7,55281,12,,,,,1,4,2011,20120202,20120202,6FCSASAF LKRP,6FCSASAF LVNH,6FCSASAF LVNH,P,H,P,FR,2.9,81,N,5000,10379,0,54,5000,163,,,C,0.0154,33,200,,"Family Group: 36U, 37Y, 37Z, 39AA, 39BB"
T,4.1,20130320,USFWS,USFWS,7,55283,12,,,,,1,4,2011,20120202,20120202,6FCSASAF LKRP,6FCSASAF LVNH,6FCSASAF LVNH,P,H,P,FR,4.1,88,N,5000,9314,,,5000,807,,,C,0.0797,50,200,,"Family Group: 20M, 21O, 23N, 22N, 24Q"
T,4.1,20130320,USFWS,USFWS,7,55284,12,,,,,1,4,2011,20120202,20120202,6FCSASAF LKRP,6FCSASAF LVNH,6FCSASAF LVNH,P,H,P,FR,4.6,91,N,5000,11725,,,5000,1089,,,C,0.085,61,200,,"Family Group: 4C, 4D, 5C, 5E, 6B, 6E"
T,4.1,20130320,USFWS,USFWS,7,55285,12,,,,,1,4,2011,20120202,20120202,6FCSASAF LKRP,6FCSASAF LVNH,6FCSASAF LVNH,P,H,P,FR,3.5,88,N,5000,12746,0,136,5000,678,,,C,0.05,60,200,,"Family Group: 7D, 7E, 8D, 8F, 9F, 9G"
T,4.1,20130320,USFWS,USFWS,7,55286,12,,,,,1,4,2011,20120202,20120202,6FCSASAF LKRP,6FCSASAF LVNH,6FCSASAF LVNH,P,H,P,FR,4.9,92,N,5000,14356,0,76,5000,680,,,C,0.045,61,200,,"Family Group: 1A, 1B, 2A, 2C, 3A, 3B"
T,4.1,20130320,USFWS,USFWS,7,55454,12,,,,,1,4,2011,20120202,20120202,6FCSASAF LKRP,6FCSASAF LVNH,6FCSASAF LVNH,P,H,P,FR,2.2,77,N,5000,9101,,,5000,793,,,C,0.0802,32,200,,"Family Group: 40AA, 41DD, 44BB, 45GG"
T,4.1,20130320,USFWS,USFWS,7,55461,12,,,,,1,4,2011,20120202,20120202,6FCSASAF LKRP,6FCSASAF LVNH,6FCSASAF LVNH,P,H,P,FR,3.3,81,N,5000,10140,,,5000,106,,,C,0.0104,33,200,,"Family Group: 35V, 35T, 34W, 38Z"
T,4.1,20130619,USFWS,USFWS,7,54984,12,,,,,1,4,2012,20130207,20130207,6FCSASAF LKRP,6FCSASAF LVNH,6FCSASAF LVNH,P,H,P,FR,6.8,82,N,5000,8274,0,52,5000,1768,,,C,0.175,49,200,,"Family Group: 11I, 14J, 13H, 14K"
T,4.1,20130619,USFWS,USFWS,7,54776,12,,,,,1,4,2012,20130207,20130207,6FCSASAF LKRP,6FCSASAF LVNH,6FCSASAF LVNH,P,H,P,FR,4.8,72,N,5000,8857,,,5000,295,,,C,0.0267,22,300,,"Family Group: 42KK, 47JJ, 42JJ, 44II, 44JJ"
T,4.1,20130619,USFWS,USFWS,7,54782,12,,,,,1,4,2012,20130207,20130207,6FCSASAF LKRP,6FCSASAF LVNH,6FCSASAF LVNH,P,H,P,FR,7,84,N,5000,8828,,,5000,823,,,C,0.085,48,200,,"Family Group: 10E, 12H, 12I, 13J, 15J, 15K"
T,4.1,20130619,USFWS,USFWS,7,54177,12,,,,,1,4,2012,20130207,20130207,6FCSASAF LKRP,6FCSASAF LVNH,6FCSASAF LVNH,P,H,P,FR,9.3,94,N,5000,12701,0,81,5000,3398,,,C,0.21,49,200,,"Family Group: 5C, 5D, 6D, 6E, 7E, 7F, 9G, 9I, 11G;15 acoustic tagged"
T,4.1,20130619,USFWS,USFWS,7,52288,12,,,,,1,4,2012,20130207,20130207,6FCSASAF LKRP,6FCSASAF LVNH,6FCSASAF LVNH,P,H,P,FR,5.5,75,N,5000,21370,0,155,5000,324,,,C,0.015,28,400,,"Family Group: 31W, 32Y, 34AA, 29T, 31X, 32X, 34Z, 33Y, 36BB, 37FF"
T,4.1,20130619,USFWS,USFWS,7,53476,12,,,,,1,4,2012,20130207,20130207,6FCSASAF LKRP,6FCSASAF LVNH,6FCSASAF LVNH,P,H,P,FR,5.5,78,N,5000,10417,0,53,5000,159,,,C,0.015,29,200,,"Family Group: 25Q, 27R, 30W, 26V, 27R, 27V"
T,4.1,20130619,USFWS,USFWS,7,53477,12,,,,,1,4,2012,20130207,20130207,6FCSASAF LKRP,6FCSASAF LVNH,6FCSASAF LVNH,P,H,P,FR,5.9,78,N,5000,9597,,,5000,142,,,C,0.015,21,200,,"Family Group: 25W, 28S, 29S, 30T"
T,4.1,20130619,USFWS,USFWS,7,54175,12,,,,,1,4,2012,20130207,20130207,6FCSASAF LKRP,6FCSASAF LVNH,6FCSASAF LVNH,P,H,P,FR,6.5,81,N,5000,9997,0,54,5000,635,,,C,0.06,42,200,,"Family Group: 21L, 22M, 24Q, 23Q, 26U"
T,4.1,20130619,USFWS,USFWS,7,54774,12,,,,,1,4,2012,20130207,20130207,6FCSASAF LKRP,6FCSASAF LVNH,6FCSASAF LVNH,P,H,P,FR,5.7,78,N,5000,9787,,,5000,200,,,C,0.02,23,200,,"Family Group: 43HH, 45EE, 45KK, 33Z, 35AA, 36CC"
T,4.1,20130619,USFWS,USFWS,7,54775,12,,,,,1,4,2012,20130207,20130207,6FCSASAF LKRP,6FCSASAF LVNH,6FCSASAF LVNH,P,H,P,FR,5.2,78,N,5000,8479,0,43,5000,490,,,C,0.055,26,200,,"Family Group: 47KK, 46GG, 43GG, 46FF"
T,4.1,20130619,USFWS,USFWS,7,54783,12,,,,,1,4,2012,20130207,20130207,6FCSASAF LKRP,6FCSASAF LVNH,6FCSASAF LVNH,P,H,P,FR,6.6,80,N,5000,8740,,,5000,179,,,C,0.02,24,200,,"Family Group: 38DD, 41HH, 39FF, 41II"
